Wavelength [nm];5 um;10 um;12.5 um;25 um;50 um
183.000;0.18043;0.13885;0.19862;0.28454;0.17445
183.500;-0.022659;0.057162;-0.060291;0.11879;0.047841
184.000;-0.066515;-0.058224;-0.15445;-0.033935;-0.097908
184.500;0.081035;-0.098194;-0.020136;-0.037739;-0.13242
185.000;0.069758;-0.061984;0.11849;0.08672;-0.074361
185.500;0.03011;0.053892;0.1785;0.24691;0.036155
186.000;0.17573;0.2251;0.15872;0.20102;0.11323
186.500;0.30026;0.26474;0.13689;0.11613;0.14261
187.000;0.20587;0.12014;0.1397;0.095146;0.16206
187.500;0.085529;0.014691;0.14379;0.22204;0.18282
188.000;-0.021318;-0.039189;0.097941;0.37754;0.18575
188.500;-0.25544;-0.21691;-0.060064;0.070038;0.13894
189.000;-0.38105;-0.38316;-0.16605;-0.21563;0.065199
189.500;0.010683;-0.21552;0.074826;0.0074518;0.1136
190.000;0.20941;-0.016754;0.16476;0.20749;0.20657
190.500;-0.059039;0.11283;0.022422;0.1304;0.30901
191.000;-0.15389;0.096491;-0.061926;0.001707;0.25169
191.500;-0.12011;-0.021194;-0.050099;-0.083773;0.071552
192.000;-0.1559;-0.079546;0.00053838;-0.10486;-0.031386
192.500;-0.16886;-0.084265;0.0733;-0.037063;-0.011438
193.000;-0.1171;-0.060277;0.13797;0.085558;0.1117
193.500;-0.094185;-0.0040273;0.091205;0.053385;0.23552
194.000;-0.10645;0.068591;0.00046916;-0.034549;0.2958
194.500;-0.083491;0.094986;-0.0036736;0.070532;0.32292
195.000;-0.043425;0.081629;0.041749;0.23123;0.30858
195.500;-0.0036918;0.068784;0.090388;0.17001;0.28995
196.000;0.088165;0.081692;0.15744;0.12196;0.46082
196.500;0.17687;0.092115;0.18302;0.16466;0.70466
197.000;0.13905;0.041498;0.079715;0.20532;0.34418
197.500;0.0044487;-0.025581;-0.067632;0.23163;-0.0013749
198.000;-0.0045561;0.054746;-0.0066152;0.2155;0.14911
198.500;0.013045;0.11511;0.056625;0.18317;0.35534
199.000;0.0012313;0.077321;0.027773;0.14734;0.27931
199.500;0.055554;-0.020092;0.023859;0.13196;0.18012
200.000;0.12016;-0.070573;0.06548;0.10401;0.093571
200.500;-0.042355;0.049423;0.048274;0.0056402;-0.050251
201.000;-0.14254;0.16345;-0.0031835;-0.025967;-0.076393
201.500;-0.065825;0.04432;-0.014567;0.062215;0.067449
202.000;0.065483;-0.016063;0.061546;0.13226;0.1396
202.500;0.092207;-0.019611;0.16781;0.11707;0.063047
203.000;-0.09929;-0.11611;0.098826;0.064416;0.0086912
203.500;-0.26478;-0.20004;-0.056739;-0.018215;-0.048544
204.000;-0.12929;-0.06248;-0.030291;-0.032069;-0.083173
204.500;-0.038052;0.024901;-0.038671;0.050824;0.010635
205.000;-0.12849;-0.037249;-0.13742;0.25324;0.28125
205.500;-0.23683;-0.14222;-0.19031;0.31286;0.16293
206.000;-0.23765;-0.16378;-0.11496;0.088367;-0.1338
206.500;-0.10464;-0.036301;0.026043;0.022707;-0.038208
207.000;-0.040894;0.085912;0.039676;0.030102;0.10558
207.500;-0.10173;0.097764;-0.063316;0.046832;0.063488
208.000;-0.01289;-0.00028091;-0.0085491;0.12569;0.14441
208.500;0.1918;-0.060253;0.20746;0.16854;0.32015
209.000;0.14044;-0.046713;0.32665;0.068;0.19485
209.500;-0.018547;-0.017245;0.21022;-0.063902;0.0060856
210.000;-0.071085;-0.029651;-0.0014789;-0.097748;-0.014186
210.500;-0.025669;0.045888;0.11186;0.071652;0.2054
211.000;0.017892;0.16289;0.51887;0.27589;0.37247
211.500;0.020676;0.17335;0.50587;0.21026;0.10577
212.000;0.0047987;0.063507;0.1503;0.030595;-0.12758
212.500;0.011131;-0.037272;0.078804;0.058208;0.084528
213.000;-0.016618;-0.082709;0.1647;0.067543;0.30022
213.500;-0.097144;-0.1135;0.27909;-0.082848;-0.0060995
214.000;-0.077279;-0.047532;0.1252;-0.10635;-0.021996
214.500;0.020369;0.051954;-0.00095818;0.011377;0.32851
215.000;0.051498;0.070013;0.051492;0.0766;0.60462
215.500;0.095331;0.025911;0.12041;0.17702;0.39295
216.000;0.23322;-0.026567;0.048013;0.49538;0.066249
216.500;0.17531;0.053367;0.035176;0.49882;0.036454
217.000;-0.017554;0.21624;0.13728;0.13096;0.323
217.500;-0.021083;0.018781;0.12632;0.033386;0.41544
218.000;0.091305;-0.13671;0.056482;0.066924;0.23442
218.500;0.12814;-0.019632;0.077076;0.10894;0.18778
219.000;0.092503;0.15562;0.14166;0.15283;0.17531
219.500;0.038472;0.18918;0.17669;0.19424;0.16894
220.000;-0.012342;0.14132;0.064002;0.1515;0.30105
220.500;-0.031837;0.087403;-0.031436;0.099266;0.57834
221.000;0.0023172;0.063077;0.12095;0.19627;0.39953
221.500;-0.0009063;-0.019761;0.24761;0.26719;0.19418
222.000;-0.09462;-0.17301;0.032964;0.13106;0.13234
222.500;-0.12373;-0.10974;0.0064451;0.04187;0.33921
223.000;-0.080134;0.14663;0.18254;0.077113;0.63083
223.500;-0.11609;0.1423;0.10461;0.080113;0.3458
224.000;-0.14848;-0.025881;-0.052394;0.082985;0.074464
224.500;-0.025893;-0.033311;0.014689;0.16737;0.13475
225.000;0.090443;0.055551;0.17641;0.25355;0.27209
225.500;0.08975;0.11759;0.25299;0.25349;0.2772
226.000;0.073201;0.039017;0.15745;0.13252;0.20428
226.500;0.063786;-0.077799;0.052255;0.033897;0.15189
227.000;0.051375;-0.076611;0.12609;0.12703;0.21245
227.500;0.082532;0.040937;0.30682;0.43685;0.27705
228.000;0.13086;0.17241;0.35313;0.67702;0.24668
228.500;0.054183;0.13228;0.20359;0.24616;0.24273
229.000;-0.047544;-0.010212;0.047646;-0.050794;0.28656
229.500;0.083479;0.01109;0.13275;0.19484;0.28842
230.000;0.17976;0.084906;0.23814;0.67007;0.28663
230.500;-0.0037251;0.099677;0.1539;0.30646;0.3403
231.000;-0.16665;0.052905;0.044814;0.011746;0.41973
231.500;-0.11564;0.033026;0.084722;0.046228;0.41386
232.000;0.051878;0.10526;0.21657;0.17747;0.3766
232.500;0.14842;0.13689;0.28375;0.23906;0.29783
233.000;0.020949;0.019425;0.15603;0.16241;0.16209
233.500;-0.035658;-0.041142;0.01247;0.16603;0.14332
234.000;0.10847;0.056229;-0.00094451;0.37116;0.35342
234.500;0.016714;0.025074;0.051237;0.30419;0.43052
235.000;-0.14613;-0.06161;0.10958;0.11763;0.28814
235.500;-0.087342;0.021773;0.11579;0.1367;0.21487
236.000;0.12488;0.1688;0.10387;0.24596;0.23428
236.500;0.28192;0.1731;0.10576;0.28795;0.31095
237.000;0.16183;0.10563;0.089225;0.27997;0.37513
237.500;-0.01375;0.069341;0.091497;0.30253;0.42492
238.000;0.0053646;0.13789;0.19751;0.43906;0.51056
238.500;0.053877;0.14615;0.21845;0.42602;0.55636
239.000;-0.052489;-0.040996;0.006403;0.13008;0.48512
239.500;-0.070853;-0.12025;-0.05293;0.06615;0.39651
240.000;0.10184;0.030492;0.1735;0.37894;0.39194
240.500;0.14658;0.15524;0.30936;0.57629;0.37502
241.000;0.068042;0.15678;0.24765;0.43378;0.33345
241.500;0.011445;0.038889;0.13639;0.25568;0.30109
242.000;0.035235;-0.00042344;0.12989;0.25064;0.37706
242.500;0.082049;0.09195;0.21529;0.41168;0.5078
243.000;0.010127;0.13219;0.16437;0.43918;0.44287
243.500;-0.10451;0.10694;0.051265;0.29371;0.27597
244.000;-0.024808;0.115;0.16013;0.21599;0.30743
244.500;0.095547;0.11213;0.30637;0.21252;0.44584
245.000;0.06536;0.080633;0.23425;0.21815;0.51419
245.500;0.0022521;0.15538;0.12097;0.28264;0.39647
246.000;-0.0188;0.31641;0.096436;0.38168;0.26654
246.500;-0.017598;0.28793;0.17989;0.39964;0.26357
247.000;-0.028645;0.12825;0.26785;0.328;0.34015
247.500;-0.062801;0.01483;0.17442;0.23431;0.41593
248.000;-0.0084519;0.0725;0.13215;0.24725;0.39588
248.500;0.098404;0.24225;0.20622;0.33786;0.36296
249.000;0.056303;0.22516;0.23664;0.32973;0.50145
249.500;-0.077582;0.072609;0.22082;0.25654;0.96391
250.000;-0.11207;0.036553;0.23659;0.26862;0.88939
250.500;-0.057429;0.095453;0.26057;0.31928;0.66679
251.000;-0.0039385;0.15134;0.27149;0.34065;0.67874
251.500;-0.014833;0.15277;0.29488;0.35294;0.70366
252.000;-0.055878;0.12448;0.30878;0.37111;0.74548
252.500;-0.076018;0.10794;0.28686;0.39763;0.878
253.000;-0.069199;0.11633;0.277;0.4279;10.366
253.500;-0.050139;0.14104;0.29599;0.45396;11.192
254.000;-0.045954;0.15749;0.31928;0.46384;1.132
254.500;-0.052561;0.1599;0.32618;0.46258;11.259
255.000;-0.052593;0.15471;0.30686;0.46226;11.384
255.500;-0.048638;0.15249;0.29248;0.46525;1.152
256.000;-0.046518;0.15795;0.30334;0.47013;11.476
256.500;-0.045081;0.15986;0.31358;0.47391;11.469
257.000;-0.043546;0.15537;0.31244;0.47689;11.576
257.500;-0.042684;0.15215;0.3115;0.48225;11.676
258.000;-0.041391;0.15276;0.3117;0.4854;1.172
258.500;-0.038173;0.15616;0.3095;0.48165;11.712
259.000;-0.034139;0.15823;0.30851;0.48266;11.691
259.500;-0.030591;0.15666;0.31023;0.49319;11.719
260.000;-0.02793;0.15321;0.31013;0.50078;11.883
260.500;-0.025852;0.15015;0.30733;0.50121;11.967
261.000;-0.023853;0.14915;0.30396;0.49807;11.648
261.500;-0.022601;0.1481;0.30097;0.49469;11.376
262.000;-0.022165;0.14559;0.29862;0.49355;11.467
262.500;-0.020234;0.1447;0.29677;0.49603;11.545
263.000;-0.016755;0.14502;0.29569;0.4993;11.453
263.500;-0.014082;0.14265;0.29596;0.4974;11.357
264.000;-0.011943;0.13957;0.29612;0.4944;11.318
264.500;-0.0093024;0.13887;0.29474;0.49574;11.341
265.000;-0.0070433;0.13819;0.29332;0.4959;11.438
265.500;-0.0054242;0.13667;0.29271;0.49253;11.518
266.000;-0.0033866;0.13677;0.29205;0.49039;11.359
266.500;-0.00091638;0.13766;0.29115;0.49101;11.125
267.000;0.0013457;0.13692;0.29023;0.49326;1.109
267.500;0.0030807;0.13527;0.28916;0.49487;1.111
268.000;0.0042288;0.13397;0.2877;0.49435;11.042
268.500;0.0050284;0.13372;0.28565;0.49222;10.951
269.000;0.0059099;0.1337;0.28365;0.4902;1.089
269.500;0.0073244;0.13228;0.28271;0.49027;10.875
270.000;0.0089435;0.13049;0.28193;0.49091;10.884
270.500;0.010239;0.12959;0.28032;0.49021;10.884
271.000;0.010932;0.12882;0.27882;0.48885;10.846
271.500;0.011215;0.1277;0.27782;0.48735;10.767
272.000;0.011777;0.12654;0.27675;0.48548;10.682
272.500;0.012924;0.12566;0.27534;0.48383;10.612
273.000;0.014523;0.12516;0.27358;0.48276;10.558
273.500;0.015571;0.12413;0.27179;0.48006;10.471
274.000;0.015666;0.12223;0.26998;0.47548;10.353
274.500;0.015774;0.12039;0.26759;0.4728;10.284
275.000;0.016382;0.11909;0.26499;0.47126;10.247
275.500;0.017417;0.11828;0.26304;0.46729;10.161
276.000;0.018338;0.11753;0.2612;0.46276;10.041
276.500;0.018702;0.11647;0.25882;0.4595;0.99194
277.000;0.018672;0.11523;0.25622;0.45519;0.97994
277.500;0.018701;0.11405;0.25343;0.45055;0.97008
278.000;0.019323;0.11319;0.25032;0.44926;0.96558
278.500;0.019886;0.11247;0.24824;0.44866;0.96208
279.000;0.019714;0.11158;0.24811;0.44514;0.95473
279.500;0.019883;0.11049;0.24718;0.44177;0.94804
280.000;0.020586;0.10942;0.24461;0.44038;0.9447
280.500;0.020461;0.10882;0.24301;0.43937;0.94257
281.000;0.020327;0.1083;0.24261;0.43809;0.94008
281.500;0.021732;0.10733;0.24228;0.43669;0.93643
282.000;0.023034;0.10725;0.24189;0.4353;0.93178
282.500;0.023021;0.10821;0.24125;0.43407;0.92609
283.000;0.022815;0.10766;0.23955;0.43311;0.91883
283.500;0.02288;0.10609;0.23784;0.43238;0.91401
284.000;0.022955;0.10609;0.23803;0.43175;0.91678
284.500;0.022911;0.10623;0.23815;0.43105;0.91823
285.000;0.022827;0.10506;0.23653;0.4302;0.91153
285.500;0.023132;0.10432;0.23552;0.42925;0.90637
286.000;0.023814;0.1044;0.23558;0.42847;0.90505
286.500;0.024409;0.10394;0.23497;0.42825;0.90126
287.000;0.024902;0.10323;0.2343;0.42824;0.89755
287.500;0.025341;0.10299;0.23442;0.42786;0.89772
288.000;0.025312;0.10283;0.23357;0.42687;0.89707
288.500;0.024758;0.10235;0.23138;0.42504;0.8939
289.000;0.024203;0.10143;0.22986;0.42225;0.89185
289.500;0.024253;0.10062;0.22925;0.42007;0.888
290.000;0.025243;0.10052;0.22882;0.42005;0.87847
290.500;0.026359;0.10048;0.22816;0.41994;0.8704
291.000;0.026642;0.099869;0.22722;0.41807;0.86831
291.500;0.025493;0.098632;0.22636;0.41527;0.86889
292.000;0.024345;0.097416;0.22546;0.41327;0.86745
292.500;0.025326;0.097079;0.22419;0.41346;0.86093
293.000;0.026627;0.097109;0.22307;0.41284;0.85662
293.500;0.026544;0.096871;0.22258;0.40975;0.85867
294.000;0.026201;0.096407;0.22257;0.4081;0.85877
294.500;0.026131;0.095947;0.22233;0.40843;0.8533
295.000;0.026028;0.095749;0.22104;0.40795;0.84502
295.500;0.025983;0.095675;0.21974;0.4069;0.83966
296.000;0.026104;0.095515;0.21956;0.4064;0.84065
296.500;0.026061;0.095296;0.21968;0.40629;0.84282
297.000;0.025902;0.09497;0.21964;0.40611;0.84321
297.500;0.026131;0.094413;0.21971;0.40549;0.84309
298.000;0.026624;0.094029;0.21981;0.40544;0.8428
298.500;0.026964;0.094197;0.21979;0.40708;0.84271
299.000;0.026961;0.094207;0.2201;0.4092;0.84562
299.500;0.026909;0.09397;0.22086;0.41092;0.85137
300.000;0.027643;0.094588;0.22154;0.41262;0.85468
300.500;0.028544;0.09562;0.22211;0.41478;0.85613
301.000;0.028414;0.095896;0.22295;0.4177;0.85992
301.500;0.028186;0.096059;0.22444;0.42106;0.86652
302.000;0.028743;0.096794;0.22653;0.42451;0.87458
302.500;0.029654;0.097804;0.22846;0.42814;0.88148
303.000;0.030439;0.098636;0.23013;0.43207;0.88761
303.500;0.030804;0.098951;0.23206;0.43628;0.89569
304.000;0.031063;0.099382;0.23429;0.44072;0.90512
304.500;0.031591;0.10046;0.23673;0.44535;0.91459
305.000;0.032316;0.10151;0.2393;0.45026;0.92473
305.500;0.033065;0.10248;0.24207;0.45567;0.93601
306.000;0.033655;0.1041;0.24521;0.46187;0.94825
306.500;0.034191;0.10558;0.2487;0.46887;0.96096
307.000;0.034905;0.10606;0.25229;0.47632;0.97369
307.500;0.035955;0.10697;0.25538;0.48308;0.9866
308.000;0.037158;0.10885;0.25813;0.48921;10.001
308.500;0.03791;0.11031;0.26183;0.49668;1.015
309.000;0.038233;0.11126;0.26594;0.50491;10.311
309.500;0.038605;0.11249;0.26918;0.5122;10.477
310.000;0.039552;0.11415;0.27278;0.5201;10.631
310.500;0.041138;0.11618;0.2777;0.52967;10.769
311.000;0.042533;0.11839;0.28288;0.53903;10.934
311.500;0.043332;0.12038;0.28743;0.54768;11.127
312.000;0.043688;0.12175;0.29102;0.55652;11.309
312.500;0.044477;0.123;0.29481;0.56521;11.482
313.000;0.046192;0.12479;0.29981;0.57365;1.166
313.500;0.047708;0.12708;0.30526;0.58372;11.846
314.000;0.048553;0.12943;0.31042;0.59497;12.041
314.500;0.049259;0.13119;0.31503;0.60438;12.242
315.000;0.050264;0.13289;0.31974;0.61352;1.245
315.500;0.051716;0.1352;0.32519;0.62492;12.658
316.000;0.053061;0.13736;0.33053;0.63595;12.832
316.500;0.053976;0.13921;0.33535;0.64551;12.977
317.000;0.054689;0.14175;0.3402;0.65631;13.173
317.500;0.055633;0.14416;0.34507;0.66818;13.414
318.000;0.057138;0.14518;0.34986;0.67923;13.643
318.500;0.058626;0.1469;0.35576;0.68989;13.861
319.000;0.059702;0.15032;0.36279;0.70055;14.072
319.500;0.060738;0.153;0.36824;0.71049;1.426
320.000;0.062007;0.15469;0.37267;0.72052;14.448
320.500;0.063532;0.15686;0.37877;0.73228;14.688
321.000;0.064786;0.15917;0.38482;0.74426;14.949
321.500;0.065495;0.1612;0.38916;0.75494;1.518
322.000;0.066325;0.16363;0.39379;0.76542;15.372
322.500;0.067462;0.16613;0.39938;0.77665;15.548
323.000;0.068545;0.16757;0.4049;0.78868;15.751
323.500;0.069619;0.1692;0.41071;0.79916;15.938
324.000;0.070819;0.17232;0.41711;0.80654;1.604
324.500;0.072019;0.1751;0.42242;0.81512;16.086
325.000;0.073221;0.17674;0.42629;0.82625;16.168
325.500;0.074578;0.17821;0.43037;0.83634;16.418
326.000;0.075745;0.17991;0.43538;0.84624;16.754
326.500;0.076415;0.18194;0.44107;0.85821;1.701
327.000;0.077351;0.18471;0.44601;0.86887;17.289
327.500;0.078703;0.18765;0.44969;0.87627;17.559
328.000;0.079463;0.18889;0.45353;0.88297;17.473
328.500;0.080007;0.18968;0.45813;0.89024;17.317
329.000;0.081314;0.19239;0.46307;0.898;17.602
329.500;0.082613;0.19458;0.46665;0.90625;17.955
330.000;0.083353;0.19471;0.46858;0.91421;18.032
330.500;0.084214;0.19534;0.47153;0.91963;18.182
331.000;0.084978;0.1968;0.47514;0.92519;18.354
331.500;0.084853;0.19761;0.47699;0.93568;18.197
332.000;0.084542;0.19838;0.47892;0.94246;1.815
332.500;0.084979;0.19977;0.48255;0.94006;18.504
333.000;0.086358;0.20089;0.48564;0.94219;18.609
333.500;0.087736;0.2015;0.48711;0.94939;18.401
334.000;0.087583;0.2022;0.48773;0.94887;18.494
334.500;0.087493;0.20282;0.48843;0.94722;18.765
335.000;0.08901;0.20304;0.48951;0.95274;18.867
335.500;0.089681;0.20297;0.4894;0.95408;18.845
336.000;0.088668;0.20286;0.48873;0.94883;18.801
336.500;0.087804;0.20292;0.49053;0.94848;18.789
337.000;0.08754;0.20298;0.49197;0.95292;18.718
337.500;0.087626;0.20272;0.4892;0.95597;18.497
338.000;0.088209;0.20221;0.4861;0.95366;18.264
338.500;0.088832;0.20157;0.48559;0.94685;18.193
339.000;0.088199;0.2009;0.48657;0.94204;18.432
339.500;0.087126;0.20047;0.48614;0.94006;1.865
340.000;0.087259;0.20035;0.48194;0.93803;18.358
340.500;0.087713;0.19951;0.47813;0.93362;18.106
341.000;0.087531;0.1978;0.47721;0.92721;18.227
341.500;0.086892;0.19698;0.4759;0.92318;18.366
342.000;0.086121;0.19656;0.47319;0.92093;18.308
342.500;0.085522;0.19476;0.47012;0.91654;18.076
343.000;0.085206;0.19297;0.46653;0.91098;17.903
343.500;0.084914;0.19227;0.46241;0.90565;17.902
344.000;0.083781;0.19077;0.459;0.8995;17.846
344.500;0.082169;0.18822;0.45623;0.89218;17.635
345.000;0.081469;0.18615;0.45287;0.88435;17.351
345.500;0.081513;0.18522;0.44928;0.87685;17.182
346.000;0.081459;0.18504;0.44592;0.8699;17.172
346.500;0.08051;0.18365;0.44169;0.86182;16.955
347.000;0.07901;0.18095;0.43683;0.85238;1.661
347.500;0.078401;0.17902;0.43296;0.84315;16.624
348.000;0.078168;0.17765;0.42856;0.83411;1.674
348.500;0.077148;0.17577;0.422;0.82453;16.511
349.000;0.075604;0.17368;0.41723;0.81461;16.204
349.500;0.074379;0.17164;0.41497;0.80528;15.986
350.000;0.074423;0.16931;0.40973;0.79758;15.732
350.500;0.07368;0.16666;0.40357;0.79128;15.553
351.000;0.070259;0.16426;0.40205;0.78557;15.604
351.500;0.069616;0.16177;0.39911;0.77595;15.532
352.000;0.072246;0.15935;0.39174;0.76163;15.223
352.500;0.07141;0.15866;0.38393;0.74761;14.949
353.000;0.067343;0.15816;0.37714;0.73555;14.745
353.500;0.065589;0.1546;0.37207;0.72651;14.548
354.000;0.065621;0.15062;0.36806;0.717;14.316
354.500;0.065276;0.14868;0.36367;0.70513;14.065
355.000;0.064267;0.14707;0.3582;0.69644;13.913
355.500;0.062849;0.14483;0.35193;0.68879;13.796
356.000;0.061508;0.14217;0.34583;0.67488;13.546
356.500;0.060594;0.13966;0.34049;0.66027;13.265
357.000;0.060013;0.1376;0.33578;0.65083;1.306
357.500;0.058738;0.13553;0.33031;0.64265;1.286
358.000;0.056832;0.13317;0.32385;0.63286;12.639
358.500;0.055567;0.13058;0.31754;0.62127;12.429
359.000;0.054986;0.12806;0.31189;0.60897;1.222
359.500;0.05452;0.12575;0.30677;0.59715;11.999
360.000;0.053657;0.12327;0.30118;0.58603;1.179
360.500;0.052323;0.1206;0.29501;0.57526;11.591
361.000;0.050978;0.11827;0.28937;0.56409;11.364
361.500;0.049795;0.1162;0.28418;0.55238;11.124
362.000;0.048785;0.11403;0.27886;0.54042;10.903
362.500;0.04805;0.11171;0.27383;0.52885;10.696
363.000;0.047308;0.10919;0.2689;0.51793;10.486
363.500;0.04573;0.1063;0.26275;0.50718;10.247
364.000;0.043886;0.10353;0.25623;0.4969;10.019
364.500;0.042993;0.10156;0.25117;0.48761;0.98498
365.000;0.042356;0.099844;0.24654;0.47753;0.9669
365.500;0.041329;0.097851;0.24134;0.4659;0.94349
366.000;0.040438;0.095836;0.23619;0.45476;0.92084
366.500;0.0397;0.093795;0.23112;0.44478;0.90131
367.000;0.038664;0.091478;0.2256;0.43519;0.88319
367.500;0.037398;0.089005;0.22;0.42512;0.86269
368.000;0.036211;0.086686;0.21491;0.41464;0.83929
368.500;0.035479;0.084832;0.21045;0.40533;0.8193
369.000;0.035057;0.08311;0.20619;0.39685;0.80348
369.500;0.034346;0.080734;0.20134;0.3872;0.78739
370.000;0.033354;0.078379;0.19608;0.37696;0.76816
370.500;0.032407;0.076835;0.1911;0.36747;0.74624
371.000;0.031843;0.075228;0.1868;0.35855;0.72731
371.500;0.031377;0.073153;0.18291;0.34982;0.71176
372.000;0.030142;0.071113;0.1785;0.34115;0.69467
372.500;0.02871;0.069257;0.17387;0.33284;0.6769
373.000;0.027987;0.067465;0.16965;0.32507;0.6607
373.500;0.027377;0.065435;0.1655;0.31685;0.64391
374.000;0.026535;0.063352;0.16126;0.30817;0.62617
374.500;0.025867;0.061991;0.15724;0.30029;0.61001
375.000;0.025202;0.060801;0.15361;0.29249;0.5945
375.500;0.024207;0.058827;0.15029;0.28372;0.57797
376.000;0.023463;0.056877;0.14654;0.27625;0.56304
376.500;0.023126;0.055468;0.14215;0.2707;0.55008
377.000;0.022366;0.053982;0.13793;0.26415;0.53532
377.500;0.021454;0.052486;0.13454;0.25635;0.51995
378.000;0.021137;0.051334;0.13198;0.24864;0.50702
378.500;0.020366;0.049706;0.12849;0.24111;0.49395
379.000;0.018818;0.047408;0.12357;0.23391;0.47931
379.500;0.018476;0.046003;0.11983;0.22794;0.46608
380.000;0.019134;0.045382;0.11757;0.22246;0.45444
380.500;0.018903;0.044148;0.11508;0.21568;0.44226
381.000;0.018063;0.042641;0.11197;0.20884;0.43028
381.500;0.017364;0.041531;0.10852;0.20332;0.41934
382.000;0.016725;0.040638;0.10515;0.19792;0.40749
382.500;0.016178;0.03943;0.10215;0.19217;0.395
383.000;0.015888;0.0374;0.099523;0.18654;0.3838
383.500;0.015425;0.03571;0.096771;0.18104;0.37283
384.000;0.014564;0.035321;0.093723;0.17567;0.36121
384.500;0.014277;0.03475;0.091562;0.17079;0.35126
385.000;0.014464;0.033517;0.09;0.16622;0.34276
385.500;0.013821;0.032566;0.087139;0.16117;0.3327
386.000;0.012908;0.031571;0.08364;0.15573;0.32206
386.500;0.012717;0.030089;0.080959;0.1505;0.31281
387.000;0.012719;0.029209;0.079095;0.14632;0.30397
387.500;0.012437;0.028917;0.07747;0.14272;0.29498
388.000;0.011873;0.027644;0.075249;0.138;0.28643
388.500;0.011522;0.025977;0.072764;0.13312;0.27809
389.000;0.011761;0.025294;0.070776;0.12976;0.2695
389.500;0.011464;0.024989;0.069128;0.12652;0.26134
390.000;0.010267;0.024327;0.067425;0.12236;0.25401
390.500;0.0095473;0.02318;0.065284;0.118;0.24713
391.000;0.0095079;0.021921;0.062768;0.11413;0.24018
391.500;0.0095333;0.021068;0.06024;0.11095;0.23276
392.000;0.0094909;0.020584;0.058276;0.10752;0.22546
392.500;0.0093522;0.020277;0.057059;0.10361;0.21895
393.000;0.0090468;0.019937;0.055991;0.10042;0.2133
393.500;0.0087857;0.019311;0.054707;0.097896;0.20768
394.000;0.0088174;0.01822;0.053113;0.095145;0.20109
394.500;0.0084774;0.016963;0.05121;0.091975;0.19428
395.000;0.0076327;0.016084;0.049299;0.088686;0.18818
395.500;0.0076902;0.016283;0.048195;0.086139;0.18326
396.000;0.0082247;0.016622;0.047364;0.083967;0.17882
396.500;0.0074782;0.015255;0.045448;0.081073;0.17359
397.000;0.0066172;0.01391;0.043591;0.078522;0.16811
397.500;0.0068746;0.014075;0.042892;0.076952;0.1631
398.000;0.0071457;0.013751;0.042296;0.074411;0.15827
398.500;0.0070772;0.012663;0.041321;0.071177;0.1537
399.000;0.0072401;0.012367;0.040265;0.069487;0.14981
399.500;0.0073551;0.012414;0.039041;0.068425;0.14632
400.000;0.0070977;0.011949;0.037668;0.066537;0.14278
400.500;0.0070224;0.011357;0.036938;0.064473;0.13897
401.000;0.0071652;0.010894;0.036549;0.062419;0.13494
401.500;0.0068739;0.010426;0.035013;0.059764;0.13098
402.000;0.0063435;0.0098766;0.032976;0.057249;0.12707
402.500;0.0061217;0.009304;0.031769;0.055781;0.12325
403.000;0.006456;0.00904;0.031463;0.054746;0.12022
403.500;0.0068629;0.0089609;0.031505;0.053475;0.11773
404.000;0.0062203;0.0084286;0.030997;0.051706;0.11446
404.500;0.0055172;0.0079664;0.030306;0.049983;0.11095
405.000;0.0060329;0.0082285;0.029955;0.048849;0.10812
405.500;0.006079;0.0081266;0.028655;0.047517;0.10482
406.000;0.0051562;0.0074352;0.02672;0.045771;0.1011
406.500;0.0050934;0.0074736;0.026814;0.044472;0.098903
407.000;0.0056929;0.0078524;0.027836;0.043712;0.097522
407.500;0.0057927;0.0074322;0.027108;0.043018;0.095132
408.000;0.0057767;0.0066526;0.02548;0.041613;0.092312
408.500;0.0059763;0.0060393;0.024222;0.039517;0.089869
409.000;0.0059179;0.0054487;0.023453;0.038088;0.087591
409.500;0.0056647;0.0049558;0.022981;0.037291;0.085364
410.000;0.0056588;0.0047653;0.022532;0.036236;0.083258
410.500;0.00599;0.0046684;0.022052;0.035163;0.081349
411.000;0.006406;0.0044523;0.021466;0.034212;0.079499
411.500;0.0062588;0.004142;0.020591;0.032802;0.077256
412.000;0.0056642;0.0040008;0.019832;0.031329;0.074953
412.500;0.0052486;0.0042673;0.019798;0.030745;0.07334
413.000;0.0049007;0.0042231;0.01978;0.030582;0.072029
413.500;0.0046902;0.0036028;0.019231;0.030216;0.070581
414.000;0.005546;0.003619;0.018757;0.029631;0.069297
414.500;0.0067335;0.0040593;0.018422;0.028891;0.06804
415.000;0.0062712;0.0035135;0.017791;0.028086;0.066347
415.500;0.0051934;0.0026707;0.017235;0.027312;0.064761
416.000;0.0050045;0.0024917;0.01716;0.026665;0.063778
416.500;0.0056212;0.0027244;0.017389;0.026316;0.063106
417.000;0.0063253;0.002958;0.017548;0.026252;0.062461
417.500;0.0062156;0.0028852;0.01726;0.026243;0.061685
418.000;0.0058594;0.0028055;0.01688;0.025937;0.060809
418.500;0.0060309;0.0029734;0.016748;0.025144;0.059857
419.000;0.0064356;0.0028419;0.016378;0.024324;0.058759
419.500;0.0065962;0.002271;0.015719;0.023632;0.05754
420.000;0.0061768;0.0017511;0.015322;0.022757;0.056272
420.500;0.0056004;0.0014436;0.015102;0.021964;0.054852
421.000;0.005404;0.0013236;0.014789;0.021571;0.053312
421.500;0.0055575;0.0013923;0.014501;0.021332;0.052366
422.000;0.0058415;0.0016504;0.014295;0.020967;0.051911
422.500;0.005923;0.0020168;0.014094;0.020326;0.050872
423.000;0.0057535;0.0018708;0.013871;0.019729;0.049616
423.500;0.0055506;0.00086605;0.013669;0.019517;0.04893
424.000;0.0058615;0.00044986;0.013685;0.019369;0.048431
424.500;0.0066026;0.00097568;0.013686;0.018978;0.047655
425.000;0.0067292;0.00081182;0.012871;0.018292;0.046464
425.500;0.0065875;0.00015616;0.01188;0.017604;0.045471
426.000;0.0070499;9.95E-01;0.011769;0.017197;0.045227
426.500;0.0072465;0.0001323;0.011531;0.016577;0.044388
427.000;0.0067247;-4.66E-01;0.010811;0.015808;0.042673
427.500;0.0062668;0.00010519;0.010815;0.015881;0.041812
428.000;0.0063672;0.00036736;0.01126;0.016279;0.041892
428.500;0.0070906;0.00016628;0.01113;0.015857;0.041997
429.000;0.007426;-0.00031012;0.010595;0.015045;0.041426
429.500;0.0070086;-0.00069638;0.010163;0.014537;0.040212
430.000;0.0071852;-0.00080229;0.010215;0.014499;0.039461
430.500;0.007762;-0.00074114;0.010503;0.014503;0.039204
431.000;0.0076463;-0.00074838;0.010458;0.013978;0.038782
431.500;0.007382;-0.00073224;0.010014;0.013458;0.038169
432.000;0.0075519;-0.00063808;0.0094012;0.013329;0.037522
432.500;0.0078238;-0.00067457;0.0090942;0.013049;0.036939
433.000;0.0078255;-0.00095545;0.0090973;0.012508;0.036258
433.500;0.0073895;-0.0014086;0.0090746;0.012024;0.035235
434.000;0.0070333;-0.0015798;0.0090554;0.011848;0.034177
434.500;0.0071672;-0.0013053;0.009043;0.011915;0.0334
435.000;0.0076118;-0.0012047;0.0087468;0.011616;0.03301
435.500;0.0079479;-0.0015033;0.0081975;0.010913;0.032681
436.000;0.0077361;-0.0019588;0.007734;0.010302;0.031825
436.500;0.0074724;-0.0023698;0.0074168;0.0097517;0.03073
437.000;0.0075936;-0.0025874;0.0071954;0.0091662;0.029823
437.500;0.007623;-0.0025068;0.0070509;0.0087954;0.029115
438.000;0.0074256;-0.0023648;0.0068347;0.0086068;0.028406
438.500;0.0072876;-0.0025869;0.0063768;0.0082998;0.027425
439.000;0.0073006;-0.0027092;0.0062189;0.0079194;0.026456
439.500;0.0074467;-0.0023926;0.0066601;0.0075738;0.025737
440.000;0.0076355;-0.0024987;0.0066898;0.0071779;0.024867
440.500;0.0075273;-0.0030891;0.0060908;0.0065876;0.023643
441.000;0.006732;-0.0033036;0.0056504;0.0057468;0.02225
441.500;0.0060825;-0.0032742;0.0055735;0.005274;0.02114
442.000;0.0063029;-0.0034279;0.0056541;0.0054762;0.020547
442.500;0.0067402;-0.0038139;0.0053712;0.0052942;0.020191
443.000;0.006995;-0.0041266;0.0047895;0.0044904;0.019756
443.500;0.0071886;-0.003794;0.0046854;0.0040478;0.019012
444.000;0.007275;-0.0033074;0.0048765;0.0040771;0.01823
444.500;0.0071792;-0.0033724;0.0048473;0.0041408;0.017688
445.000;0.0070007;-0.0037212;0.0046665;0.0037494;0.017051
445.500;0.0069088;-0.0039968;0.0045043;0.0030703;0.01633
446.000;0.0070939;-0.0039892;0.004496;0.0029616;0.016032
446.500;0.0074306;-0.003952;0.0044786;0.0031577;0.016027
447.000;0.0076888;-0.0041707;0.0042149;0.002987;0.015898
447.500;0.0078736;-0.0041802;0.0037872;0.0025663;0.015475
448.000;0.0079374;-0.0039638;0.0033936;0.0021003;0.014812
448.500;0.0077418;-0.0042349;0.0032464;0.0016795;0.014162
449.000;0.0075481;-0.0045567;0.0033161;0.0016421;0.013626
449.500;0.0076796;-0.0042429;0.0034413;0.0021632;0.013243
450.000;0.0078786;-0.0041236;0.0034618;0.0023149;0.013174
450.500;0.0078884;-0.0045985;0.0032309;0.0017373;0.013228
451.000;0.007669;-0.0049584;0.0026755;0.0012409;0.012732
451.500;0.0075045;-0.004874;0.0023145;0.0011482;0.012064
452.000;0.0077368;-0.0044443;0.0026958;0.0013432;0.012011
452.500;0.0081653;-0.0042478;0.0030316;0.0014716;0.012233
453.000;0.0084543;-0.004488;0.0028692;0.0013726;0.012267
453.500;0.0083075;-0.0046423;0.0027588;0.0012594;0.011938
454.000;0.0079167;-0.0047194;0.0027159;0.00112;0.011481
454.500;0.0077114;-0.0049833;0.0024918;0.00086494;0.01129
455.000;0.0077628;-0.0050959;0.0024791;0.00080414;0.011325
455.500;0.0079616;-0.0049258;0.002733;0.00099697;0.011407
456.000;0.0080655;-0.0049155;0.0025397;0.00094765;0.011322
456.500;0.0079234;-0.0050536;0.002154;0.00062939;0.010958
457.000;0.0075318;-0.0050344;0.002327;0.00036568;0.010384
457.500;0.007194;-0.0048547;0.0027202;0.00035919;0.010084
458.000;0.0072388;-0.0045803;0.0029782;0.00068361;0.01032
458.500;0.0079;-0.0042575;0.0032143;0.0012714;0.010849
459.000;0.0087536;-0.004158;0.0033977;0.0017995;0.011397
459.500;0.0090519;-0.0045656;0.0033688;0.0018215;0.011722
460.000;0.0093135;-0.0047718;0.0031309;0.0014905;0.011919
460.500;0.009897;-0.004385;0.0028377;0.0011865;0.012069
461.000;0.01003;-0.0042649;0.0027942;0.0012725;0.012001
461.500;0.0097209;-0.0045642;0.0028957;0.0014299;0.011784
462.000;0.0095403;-0.0047739;0.0028087;0.0010379;0.011607
462.500;0.0090966;-0.0046349;0.0027991;0.00070403;0.011191
463.000;0.0083163;-0.0042802;0.0030019;0.00089557;0.010565
463.500;0.0081427;-0.0043134;0.003008;0.0011522;0.01047
464.000;0.0085581;-0.0046529;0.0028156;0.001253;0.010812
464.500;0.0088685;-0.0047257;0.0027612;0.0012458;0.010932
465.000;0.0092342;-0.004534;0.0029929;0.0013779;0.011078
465.500;0.0098427;-0.0042289;0.0034299;0.0017576;0.011553
466.000;0.010269;-0.0038212;0.0036714;0.0020397;0.012034
466.500;0.010446;-0.003643;0.0035411;0.0021091;0.01213
467.000;0.010638;-0.0041315;0.0031774;0.0020768;0.011625
467.500;0.010736;-0.0044868;0.0031448;0.0018399;0.011252
468.000;0.010706;-0.004109;0.0036558;0.0015049;0.011593
468.500;0.010977;-0.0038212;0.0038591;0.0017564;0.012135
469.000;0.011477;-0.0039505;0.0035426;0.0023149;0.012524
469.500;0.011682;-0.0042211;0.0031501;0.002123;0.012657
470.000;0.011631;-0.0044712;0.002754;0.0015364;0.012391
470.500;0.01156;-0.004567;0.0023858;0.0012921;0.011789
471.000;0.011583;-0.0043638;0.0023048;0.0015371;0.011393
471.500;0.011677;-0.0040783;0.00253;0.0019992;0.011322
472.000;0.011708;-0.0041662;0.0028343;0.0021735;0.011296
472.500;0.011538;-0.0044888;0.0029975;0.0019694;0.011332
473.000;0.011227;-0.0046924;0.0029467;0.0016044;0.011505
473.500;0.011281;-0.0044752;0.0029291;0.0016226;0.011747
474.000;0.011715;-0.0040923;0.0029475;0.0018994;0.011946
474.500;0.012046;-0.00423;0.0027857;0.0017399;0.012002
475.000;0.012323;-0.0045278;0.0027807;0.0016605;0.012072
475.500;0.012644;-0.0044682;0.0031581;0.00215;0.012263
476.000;0.012639;-0.0042984;0.0032907;0.0023289;0.012298
476.500;0.01233;-0.0042984;0.0029876;0.0019588;0.012162
477.000;0.012141;-0.0045982;0.0026094;0.0016168;0.012119
477.500;0.011932;-0.0048786;0.0023158;0.0014846;0.012059
478.000;0.011554;-0.0048409;0.0021887;0.0015462;0.011875
478.500;0.011438;-0.0047218;0.0023523;0.0017609;0.011891
479.000;0.011738;-0.0045838;0.0027229;0.0020577;0.012225
479.500;0.012181;-0.004281;0.0029922;0.0023284;0.012684
480.000;0.012312;-0.004145;0.0029459;0.0024628;0.012893
480.500;0.011974;-0.0044173;0.0026285;0.0024416;0.012706
481.000;0.011992;-0.004524;0.0026269;0.0024737;0.012751
481.500;0.012447;-0.0043328;0.0029689;0.0026285;0.013191
482.000;0.012515;-0.0043056;0.0030309;0.0027663;0.013553
482.500;0.012272;-0.0044503;0.0028505;0.0026835;0.013708
483.000;0.012024;-0.004583;0.0027098;0.0023294;0.013679
483.500;0.011481;-0.0046222;0.0026592;0.0021149;0.013432
484.000;0.010984;-0.0043966;0.0028094;0.0023139;0.013218
484.500;0.011318;-0.0037712;0.0032489;0.0028063;0.013371
485.000;0.010534;-0.0038515;0.0030098;0.0021836;0.01247
485.500;0.0076274;-0.0051896;0.0017922;0.0001546;0.010057
486.000;0.0061283;-0.0059451;0.0017122;-0.00013535;0.0091988
486.500;0.0070155;-0.0056438;0.0029281;0.0016171;0.01063
487.000;0.0090991;-0.0050472;0.0037757;0.0031468;0.013104
487.500;0.011382;-0.0045227;0.0040256;0.0039077;0.015386
488.000;0.012546;-0.0043011;0.0040511;0.0041071;0.016055
488.500;0.012751;-0.0041842;0.0038405;0.004173;0.0161
489.000;0.012548;-0.0040184;0.003499;0.0042517;0.016298
489.500;0.012221;-0.0038892;0.0033299;0.004089;0.016328
490.000;0.012031;-0.0038989;0.003423;0.0039989;0.016414
490.500;0.012111;-0.0040802;0.0036706;0.0043259;0.016843
491.000;0.012278;-0.0042817;0.0037402;0.0046983;0.01723
491.500;0.012392;-0.0043271;0.0035726;0.0048242;0.01738
492.000;0.012431;-0.0040899;0.0034926;0.0047153;0.017471
492.500;0.012403;-0.0037921;0.0037652;0.0048367;0.017644
493.000;0.012365;-0.0036931;0.0044062;0.0055084;0.018013
493.500;0.012473;-0.0036881;0.0049036;0.0060931;0.018739
494.000;0.012814;-0.0036584;0.0050246;0.006309;0.019688
494.500;0.013336;-0.0035641;0.0049313;0.0064252;0.020326
495.000;0.013642;-0.00359;0.0047673;0.0064885;0.020626
495.500;0.01343;-0.0038717;0.0046506;0.0064162;0.020793
496.000;0.013246;-0.0040334;0.0046493;0.0061482;0.020801
496.500;0.013427;-0.0037996;0.0048104;0.0060951;0.020937
497.000;0.013832;-0.0031914;0.0051423;0.0070134;0.021768
497.500;0.01409;-0.0027748;0.0054028;0.0078425;0.022611
498.000;0.013899;-0.0030615;0.0053671;0.007418;0.022657
498.500;0.013462;-0.0035985;0.0052383;0.0070529;0.022642
499.000;0.013202;-0.0038366;0.0051978;0.0074607;0.023131
499.500;0.013578;-0.003435;0.0052956;0.0080838;0.024067
500.000;0.014075;-0.0029232;0.0055244;0.0085247;0.024838
500.500;0.013994;-0.0029675;0.0057996;0.0086385;0.024944
501.000;0.013676;-0.0032455;0.0058965;0.0087313;0.025117
501.500;0.013526;-0.0033714;0.0058485;0.0089919;0.025741
502.000;0.013731;-0.0031807;0.00597;0.0093577;0.026509
502.500;0.014051;-0.0030527;0.0060983;0.0096768;0.027132
503.000;0.01419;-0.0033304;0.005989;0.0098528;0.027489
503.500;0.014368;-0.0033656;0.005956;0.010131;0.027994
504.000;0.014599;-0.0029566;0.0062363;0.010533;0.028801
504.500;0.014565;-0.0026511;0.0067839;0.010758;0.029603
505.000;0.014407;-0.0026736;0.0070818;0.0109;0.03017
505.500;0.014393;-0.002906;0.0068131;0.011196;0.030493
506.000;0.01444;-0.002802;0.0069236;0.011662;0.031037
506.500;0.014491;-0.0023717;0.007508;0.012127;0.031937
507.000;0.014597;-0.0022857;0.0075172;0.012304;0.032823
507.500;0.014711;-0.0023589;0.0072762;0.012466;0.03344
508.000;0.014787;-0.0021919;0.0075356;0.012982;0.033813
508.500;0.014932;-0.0021027;0.0081196;0.013638;0.034592
509.000;0.015112;-0.0021857;0.0086537;0.014166;0.035809
509.500;0.015123;-0.0021341;0.0087836;0.014392;0.036681
510.000;0.015137;-0.0019058;0.0087405;0.014631;0.037353
510.500;0.015339;-0.0016553;0.0088837;0.015184;0.038222
511.000;0.015386;-0.001663;0.0090693;0.015601;0.038939
511.500;0.01526;-0.0018334;0.0091918;0.015812;0.039515
512.000;0.015379;-0.0016872;0.0093128;0.016296;0.040454
512.500;0.015676;-0.0014174;0.0095909;0.017018;0.041595
513.000;0.015876;-0.0013783;0.010079;0.017685;0.042577
513.500;0.01584;-0.0013946;0.0104;0.018052;0.04348
514.000;0.015671;-0.001346;0.010472;0.018208;0.04438
514.500;0.01568;-0.0012905;0.01061;0.018578;0.045257
515.000;0.015845;-0.0012694;0.010782;0.019197;0.046133
515.500;0.016007;-0.0012715;0.010886;0.019882;0.047084
516.000;0.016088;-0.0011739;0.011098;0.020403;0.048231
516.500;0.016143;-0.00092605;0.011478;0.020782;0.049489
517.000;0.016328;-0.00060484;0.011896;0.021307;0.050573
517.500;0.016506;-0.00045315;0.012288;0.021971;0.05162
518.000;0.016525;-0.00055752;0.012642;0.022676;0.052876
518.500;0.016571;-0.0003858;0.012979;0.023456;0.054287
519.000;0.016668;6.87E-01;0.013342;0.024242;0.055735
519.500;0.016639;0.00020357;0.013767;0.024868;0.057107
520.000;0.016693;0.00014954;0.014102;0.025452;0.058312
520.500;0.01701;0.00022631;0.014245;0.026153;0.059411
521.000;0.017205;0.00031777;0.014452;0.026855;0.060815
521.500;0.017203;0.00034719;0.014818;0.027462;0.062494
522.000;0.017311;0.00036481;0.015191;0.027982;0.063942
522.500;0.017317;0.00042496;0.015419;0.028525;0.065051
523.000;0.017051;0.00057471;0.015531;0.029229;0.066098
523.500;0.017064;0.00084117;0.016008;0.030172;0.067835
524.000;0.017451;0.0011599;0.016781;0.031183;0.070034
524.500;0.017728;0.0013822;0.017198;0.031902;0.071546
525.000;0.017701;0.0014392;0.017242;0.032453;0.072797
525.500;0.01748;0.0014223;0.017294;0.033136;0.074523
526.000;0.017555;0.0017099;0.017991;0.03413;0.076435
526.500;0.017859;0.0021781;0.01905;0.035282;0.078243
527.000;0.017852;0.002281;0.019449;0.036218;0.07989
527.500;0.017956;0.002317;0.019663;0.037098;0.081661
528.000;0.018523;0.0026215;0.020306;0.038133;0.08373
528.500;0.018728;0.0027558;0.020784;0.039128;0.085689
529.000;0.01849;0.0027324;0.021043;0.039993;0.087465
529.500;0.018524;0.0030134;0.02162;0.040812;0.089364
530.000;0.018681;0.0032804;0.022203;0.041735;0.091331
530.500;0.018683;0.0032707;0.022469;0.042834;0.093288
531.000;0.018789;0.0035692;0.022872;0.04394;0.095408
531.500;0.019027;0.0041041;0.023525;0.044967;0.09763
532.000;0.01915;0.0041985;0.024143;0.045958;0.099691
532.500;0.019035;0.004047;0.024677;0.046982;0.10168
533.000;0.018753;0.0040779;0.025171;0.048049;0.10377
533.500;0.018698;0.004445;0.025676;0.049051;0.10604
534.000;0.018942;0.0048695;0.026216;0.050149;0.10838
534.500;0.019268;0.0048845;0.026805;0.051647;0.11066
535.000;0.019584;0.0049786;0.02745;0.053074;0.11313
535.500;0.019794;0.0055382;0.02814;0.054076;0.1159
536.000;0.019721;0.0059952;0.028864;0.05522;0.11849
536.500;0.019561;0.0061718;0.029578;0.056632;0.1209
537.000;0.019728;0.0063098;0.030227;0.058001;0.12358
537.500;0.020009;0.0065088;0.030872;0.059402;0.12646
538.000;0.020138;0.006796;0.031566;0.060928;0.12935
538.500;0.020191;0.0071602;0.032266;0.06242;0.13209
539.000;0.020283;0.0075178;0.03298;0.063836;0.13484
539.500;0.020481;0.0077537;0.033755;0.065256;0.1379
540.000;0.020631;0.0078768;0.034532;0.066734;0.14111
540.500;0.020649;0.0080307;0.035268;0.068277;0.14431
541.000;0.020716;0.0085091;0.036029;0.069844;0.14768
541.500;0.020817;0.0090992;0.036881;0.071491;0.15104
542.000;0.020825;0.0093321;0.037859;0.073309;0.15406
542.500;0.02096;0.0094904;0.038876;0.075194;0.15727
543.000;0.021297;0.0098455;0.039785;0.077045;0.16102
543.500;0.021482;0.010239;0.040395;0.078806;0.16485
544.000;0.021592;0.010595;0.04109;0.08065;0.1686
544.500;0.02195;0.010943;0.042426;0.082794;0.17244
545.000;0.022389;0.011334;0.043734;0.084869;0.17657
545.500;0.02269;0.011788;0.04458;0.08672;0.18096
546.000;0.022797;0.012255;0.045513;0.088788;0.1851
546.500;0.022864;0.01276;0.046683;0.091078;0.18915
547.000;0.023086;0.013343;0.047903;0.093308;0.19354
547.500;0.023261;0.013853;0.049003;0.095417;0.1979
548.000;0.023337;0.014242;0.050014;0.097536;0.20219
548.500;0.023628;0.014696;0.05126;0.099994;0.20724
549.000;0.024056;0.015222;0.052621;0.1027;0.21267
549.500;0.024323;0.015694;0.053767;0.10529;0.21741
550.000;0.024387;0.01603;0.054831;0.10764;0.22183
550.500;0.024395;0.016331;0.055994;0.1099;0.2266
551.000;0.024652;0.016916;0.057309;0.11248;0.23221
551.500;0.025219;0.017723;0.058792;0.11536;0.23821
552.000;0.025886;0.018465;0.060382;0.11828;0.2438
552.500;0.026089;0.01897;0.06184;0.12107;0.24918
553.000;0.025889;0.019334;0.063159;0.12379;0.25479
553.500;0.026187;0.019927;0.06463;0.12673;0.26086
554.000;0.026626;0.020602;0.066185;0.12992;0.26712
554.500;0.026556;0.021098;0.067669;0.13328;0.27334
555.000;0.026767;0.021709;0.069238;0.13662;0.27983
555.500;0.027495;0.022538;0.070991;0.13991;0.28664
556.000;0.027969;0.023334;0.072891;0.14343;0.29348
556.500;0.028243;0.024139;0.074675;0.147;0.30029
557.000;0.02867;0.025002;0.076179;0.15038;0.30718
557.500;0.029099;0.025507;0.077933;0.15402;0.31447
558.000;0.029416;0.025907;0.07999;0.15794;0.32212
558.500;0.029682;0.027148;0.081808;0.16164;0.32974
559.000;0.030144;0.028501;0.083652;0.16544;0.33737
559.500;0.030824;0.028991;0.085818;0.16961;0.34507
560.000;0.030972;0.029381;0.087705;0.17339;0.35277
560.500;0.030789;0.03023;0.089257;0.17682;0.36061
561.000;0.031434;0.031484;0.091072;0.18077;0.36875
561.500;0.032269;0.032699;0.093272;0.18527;0.3774
562.000;0.032427;0.033426;0.095768;0.19007;0.38657
562.500;0.032735;0.033719;0.098461;0.19511;0.3954
563.000;0.033434;0.034103;0.10091;0.19982;0.40358
563.500;0.033936;0.035288;0.10259;0.20355;0.41186
564.000;0.03398;0.036719;0.10374;0.20671;0.42021
564.500;0.03362;0.037546;0.10526;0.21047;0.4291
565.000;0.033418;0.037217;0.10875;0.21638;0.43955
565.500;0.034233;0.036704;0.11313;0.22314;0.4503
566.000;0.036322;0.037775;0.11549;0.22769;0.45906
566.500;0.037175;0.03958;0.11688;0.23129;0.46735
567.000;0.035992;0.041315;0.11878;0.23577;0.47733
567.500;0.035655;0.043072;0.12086;0.24066;0.48771
568.000;0.036354;0.044524;0.12284;0.24533;0.49745
568.500;0.036255;0.045213;0.12486;0.24975;0.50696
569.000;0.035687;0.045479;0.1273;0.25469;0.51685
569.500;0.035509;0.045808;0.1302;0.26025;0.52691
570.000;0.036049;0.046493;0.13321;0.26553;0.53688
570.500;0.036982;0.047538;0.13594;0.27031;0.54673
571.000;0.0377;0.048783;0.13816;0.27492;0.55655
571.500;0.038163;0.050116;0.14029;0.27979;0.56624
572.000;0.038482;0.051323;0.14265;0.28493;0.57575
572.500;0.038754;0.052072;0.14504;0.28975;0.58544
573.000;0.03868;0.0526;0.14701;0.29379;0.5944
573.500;0.038028;0.053387;0.14837;0.29716;0.60186
574.000;0.037781;0.05432;0.14998;0.30107;0.60994
574.500;0.038525;0.055289;0.15259;0.3064;0.62025
575.000;0.039673;0.056275;0.15603;0.31234;0.63106
575.500;0.040545;0.057107;0.15951;0.31787;0.64069
576.000;0.040844;0.057707;0.16235;0.32257;0.64914
576.500;0.041045;0.058297;0.16439;0.32656;0.65756
577.000;0.041328;0.059046;0.16587;0.33033;0.66641
577.500;0.041371;0.059939;0.16724;0.33435;0.67452
578.000;0.041303;0.060909;0.16875;0.33817;0.68183
578.500;0.041315;0.061844;0.17046;0.34141;0.68919
579.000;0.041016;0.062429;0.17201;0.345;0.69692
579.500;0.040546;0.062692;0.17351;0.34914;0.70485
580.000;0.040637;0.063143;0.17573;0.35325;0.71311
580.500;0.040866;0.063913;0.17808;0.35705;0.72116
581.000;0.040624;0.06475;0.17974;0.36051;0.72835
581.500;0.040267;0.065013;0.18132;0.36423;0.73612
582.000;0.040569;0.065164;0.18336;0.36868;0.74489
582.500;0.042418;0.066606;0.18609;0.37407;0.75384
583.000;0.044538;0.068594;0.18888;0.37938;0.76305
583.500;0.04524;0.069755;0.19092;0.38329;0.77189
584.000;0.045625;0.070733;0.1932;0.38761;0.7808
584.500;0.046287;0.071842;0.19591;0.39288;0.79029
585.000;0.046903;0.072776;0.19822;0.3979;0.80022
585.500;0.047548;0.073719;0.20046;0.4026;0.81031
586.000;0.048277;0.07486;0.203;0.40726;0.81996
586.500;0.048823;0.076053;0.20565;0.41247;0.82926
587.000;0.049136;0.07716;0.2083;0.41793;0.83881
587.500;0.049329;0.078092;0.21091;0.42272;0.84914
588.000;0.049316;0.078927;0.21341;0.42749;0.85997
588.500;0.049416;0.079848;0.21596;0.43299;0.87085
589.000;0.050728;0.081105;0.21901;0.43915;0.88126
589.500;0.052854;0.082658;0.22245;0.44566;0.8923
590.000;0.054258;0.084181;0.22557;0.45167;0.90498
590.500;0.055022;0.085759;0.22853;0.45747;0.91751
591.000;0.055675;0.087424;0.23165;0.46361;0.92877
591.500;0.05649;0.08893;0.23503;0.47035;0.94055
592.000;0.057296;0.090293;0.23856;0.47738;0.95419
592.500;0.057768;0.091637;0.24196;0.48404;0.96939
593.000;0.058152;0.093012;0.24535;0.49061;0.98318
593.500;0.058607;0.09441;0.24878;0.49736;0.99482
594.000;0.05899;0.095756;0.25207;0.50411;10.074
594.500;0.059285;0.097006;0.25536;0.51091;10.214
595.000;0.059631;0.098206;0.25891;0.51796;10.357
595.500;0.060422;0.099649;0.26261;0.52554;10.506
596.000;0.061649;0.10145;0.26647;0.53364;10.669
596.500;0.062695;0.10332;0.27038;0.54123;10.831
597.000;0.06345;0.10507;0.27436;0.54873;10.982
597.500;0.064169;0.10674;0.2785;0.55708;11.125
598.000;0.065189;0.10846;0.28252;0.56535;11.287
598.500;0.066522;0.11026;0.28646;0.57347;11.469
599.000;0.067786;0.11203;0.29069;0.58227;11.634
599.500;0.068728;0.11384;0.29496;0.59083;11.796
600.000;0.069338;0.11576;0.29908;0.59854;1.198
600.500;0.069967;0.11761;0.30332;0.60736;1.215
601.000;0.070637;0.11931;0.30769;0.61688;1.23
601.500;0.071081;0.1209;0.31202;0.62499;12.469
602.000;0.071198;0.12246;0.31626;0.63281;12.652
602.500;0.071095;0.12392;0.3203;0.64135;12.829
603.000;0.071186;0.12512;0.324;0.64969;12.993
603.500;0.071976;0.12643;0.3278;0.65796;13.152
604.000;0.073825;0.12851;0.33238;0.66712;13.322
604.500;0.075683;0.13093;0.33722;0.67701;13.493
605.000;0.076671;0.13304;0.34163;0.6866;13.653
605.500;0.07742;0.13496;0.34619;0.696;13.836
606.000;0.078204;0.13676;0.3508;0.70528;14.042
606.500;0.078971;0.1384;0.35495;0.71406;14.234
607.000;0.079986;0.14026;0.35951;0.72282;14.403
607.500;0.081335;0.14253;0.36486;0.7322;14.564
608.000;0.082677;0.1449;0.36991;0.74216;14.735
608.500;0.083823;0.14702;0.37452;0.75202;14.929
609.000;0.084759;0.14878;0.37916;0.76121;15.147
609.500;0.085644;0.1508;0.38403;0.77048;15.361
610.000;0.08665;0.15317;0.38909;0.78047;15.561
610.500;0.087849;0.15524;0.39409;0.79108;15.769
611.000;0.088773;0.15709;0.39897;0.8013;15.969
611.500;0.089119;0.15904;0.40379;0.81037;16.143
612.000;0.089735;0.16111;0.40882;0.82006;16.333
612.500;0.090913;0.16322;0.41407;0.83102;1.657
613.000;0.092192;0.1652;0.41912;0.84197;16.837
613.500;0.093182;0.16712;0.42405;0.85212;1.702
614.000;0.093939;0.16919;0.42916;0.86169;17.085
614.500;0.095319;0.17164;0.43465;0.87195;17.279
615.000;0.097272;0.17433;0.44036;0.88309;17.621
615.500;0.098892;0.17673;0.44576;0.894;17.869
616.000;0.10008;0.17908;0.45111;0.90452;18.054
616.500;0.10116;0.18165;0.45674;0.91507;18.264
617.000;0.10248;0.1841;0.46207;0.92535;18.445
617.500;0.10401;0.18636;0.46744;0.9363;1.86
618.000;0.10549;0.18874;0.47374;0.94942;18.799
618.500;0.10684;0.19143;0.47981;0.96167;19.065
619.000;0.10799;0.19413;0.48489;0.97113;19.366
619.500;0.10889;0.19613;0.49002;0.98071;19.603
620.000;0.10985;0.19794;0.49523;0.99155;1.972
620.500;0.11127;0.20046;0.50028;10.034;19.746
621.000;0.11284;0.20305;0.50571;10.142;19.879
621.500;0.11411;0.20517;0.51139;10.232;20.171
622.000;0.11478;0.20712;0.51647;10.321;20.425
622.500;0.11534;0.20908;0.52097;10.411;2.065
623.000;0.11633;0.21108;0.52545;10.502;20.909
623.500;0.11745;0.21302;0.5302;10.595;20.982
624.000;0.11862;0.21495;0.53486;10.688;20.911
624.500;0.12009;0.21704;0.53866;10.768;21.048
625.000;0.12137;0.21906;0.54219;10.837;21.325
625.500;0.12201;0.22069;0.54595;1.09;21.519
626.000;0.12243;0.222;0.54887;10.962;2.157
626.500;0.12301;0.22308;0.55112;11.022;21.587
627.000;0.12388;0.22399;0.55387;11.079;21.751
627.500;0.12467;0.22509;0.5565;11.125;21.936
628.000;0.12511;0.22638;0.55833;11.156;21.994
628.500;0.12531;0.227;0.55971;11.179;21.976
629.000;0.12532;0.22696;0.56053;11.198;2.196
629.500;0.12527;0.22692;0.56051;11.211;22.024
630.000;0.12567;0.22726;0.56055;11.205;22.245
630.500;0.12642;0.22774;0.56092;11.181;22.494
631.000;0.12642;0.22744;0.56044;1.116;22.314
631.500;0.1258;0.22672;0.5589;11.142;22.039
632.000;0.12534;0.22636;0.5569;11.114;22.146
632.500;0.12499;0.22594;0.55544;11.091;22.161
633.000;0.12463;0.2251;0.55434;11.069;21.855
633.500;0.12431;0.22399;0.55213;11.022;2.154
634.000;0.12397;0.2228;0.54904;10.961;21.416
634.500;0.12349;0.22166;0.54586;10.904;21.507
635.000;0.12275;0.22044;0.5425;10.834;21.479
635.500;0.12186;0.21906;0.53892;1.075;21.255
636.000;0.12106;0.21754;0.53527;1.067;21.057
636.500;0.12033;0.21596;0.53141;10.594;20.957
637.000;0.11955;0.21434;0.52718;10.519;20.902
637.500;0.11868;0.21267;0.5227;10.441;20.716
638.000;0.11782;0.21093;0.51825;10.351;20.465
638.500;0.11706;0.20911;0.51397;10.239;20.329
639.000;0.116;0.20697;0.50929;10.136;20.158
639.500;0.11462;0.20457;0.50409;10.057;19.901
640.000;0.11364;0.20244;0.49922;0.99789;19.774
640.500;0.11298;0.20061;0.49463;0.98846;19.737
641.000;0.1121;0.19881;0.48979;0.97702;19.612
641.500;0.11103;0.19687;0.48472;0.9661;19.329
642.000;0.10997;0.19485;0.47963;0.95666;18.957
642.500;0.10913;0.19295;0.47476;0.94679;18.667
643.000;0.10814;0.19104;0.47008;0.93631;18.504
643.500;0.10673;0.18894;0.4654;0.92597;18.419
644.000;0.1057;0.18687;0.46061;0.9169;18.251
644.500;0.10526;0.185;0.45581;0.90852;18.011
645.000;0.10479;0.18328;0.45127;0.89897;17.865
645.500;0.10387;0.18145;0.44678;0.88928;17.791
646.000;0.10247;0.17933;0.4421;0.88071;17.685
646.500;0.10131;0.17736;0.43758;0.87262;17.422
647.000;0.10061;0.1757;0.43337;0.86433;17.123
647.500;0.1001;0.17422;0.4294;0.85546;17.001
648.000;0.099411;0.1727;0.42581;0.84672;1.691
648.500;0.098458;0.17109;0.42249;0.83899;16.727
649.000;0.097727;0.16967;0.41882;0.83252;16.539
649.500;0.097162;0.16836;0.4151;0.8264;16.412
650.000;0.096457;0.16701;0.41205;0.81958;16.353
650.500;0.095962;0.16591;0.40917;0.81334;16.233
651.000;0.095675;0.165;0.40616;0.80799;16.053
651.500;0.094957;0.16376;0.4034;0.80198;15.989
652.000;0.094168;0.16259;0.40086;0.79588;15.949
652.500;0.093912;0.16206;0.39838;0.7908;15.792
653.000;0.093831;0.16153;0.39616;0.78618;15.659
653.500;0.093654;0.16079;0.39436;0.78219;1.559
654.000;0.093254;0.16026;0.39284;0.77944;15.488
654.500;0.09139;0.15976;0.39057;0.77475;15.371
655.000;0.085768;0.15721;0.38597;0.76524;15.267
655.500;0.076186;0.15047;0.37915;0.75389;15.152
656.000;0.070686;0.14579;0.37599;0.74883;1.509
656.500;0.071785;0.14556;0.37862;0.75158;15.095
657.000;0.077715;0.14862;0.3834;0.75743;15.116
657.500;0.087324;0.15443;0.38554;0.76048;15.099
658.000;0.093531;0.15796;0.38457;0.75826;15.068
658.500;0.092283;0.15673;0.38276;0.75442;15.038
659.000;0.092229;0.15659;0.38213;0.75367;14.979
659.500;0.092932;0.15702;0.38193;0.75308;14.921
660.000;0.092958;0.15697;0.3815;0.75097;14.894
660.500;0.093005;0.15707;0.38095;0.74929;14.889
661.000;0.093216;0.1572;0.38044;0.74805;14.855
661.500;0.093375;0.15703;0.38001;0.74648;14.764
662.000;0.093395;0.1569;0.37945;0.74467;14.704
662.500;0.093367;0.15692;0.37888;0.74293;14.694
663.000;0.093498;0.15686;0.3787;0.74147;14.669
663.500;0.093648;0.15672;0.37815;0.73932;14.626
664.000;0.093618;0.15652;0.37665;0.73607;14.572
664.500;0.093414;0.15612;0.37507;0.7334;14.491
665.000;0.093155;0.15551;0.37365;0.73116;14.406
665.500;0.093007;0.15487;0.3721;0.72784;14.355
666.000;0.092973;0.15446;0.37051;0.72407;14.259
666.500;0.092858;0.15418;0.36891;0.72045;1.411
667.000;0.09227;0.15334;0.36703;0.71637;1.405
667.500;0.091593;0.15229;0.36493;0.71194;14.043
668.000;0.091418;0.15173;0.36279;0.70753;13.968
668.500;0.091213;0.151;0.36045;0.70255;13.844
669.000;0.090601;0.14986;0.35789;0.69689;13.709
669.500;0.089782;0.14888;0.3554;0.69129;13.589
670.000;0.089151;0.14792;0.35295;0.68609;13.497
670.500;0.088906;0.14672;0.35036;0.68112;13.424
671.000;0.088506;0.1457;0.34737;0.67561;13.322
671.500;0.087667;0.14466;0.34404;0.66958;13.193
672.000;0.086557;0.14294;0.34068;0.66368;13.077
672.500;0.085735;0.14137;0.33762;0.65747;12.947
673.000;0.085409;0.1405;0.33478;0.65063;1.279
673.500;0.084838;0.13911;0.33141;0.64365;12.654
674.000;0.083957;0.1373;0.32772;0.63707;12.539
674.500;0.083172;0.13594;0.32442;0.63101;12.414
675.000;0.082311;0.13446;0.32078;0.62391;12.293
675.500;0.081244;0.1325;0.31656;0.61557;12.175
676.000;0.080132;0.13061;0.31255;0.60802;12.019
676.500;0.07905;0.12882;0.30865;0.60095;11.848
677.000;0.077984;0.12692;0.30438;0.59322;11.696
677.500;0.076821;0.12489;0.30001;0.58527;11.534
678.000;0.075607;0.1228;0.29573;0.57724;11.359
678.500;0.074546;0.12077;0.2915;0.56878;11.206
679.000;0.073427;0.11881;0.28719;0.56035;11.069
679.500;0.072076;0.11686;0.28273;0.55228;1.093
680.000;0.070817;0.11482;0.27826;0.54397;10.784
680.500;0.069672;0.11271;0.27383;0.5355;10.629
681.000;0.06842;0.11068;0.26941;0.52742;10.465
681.500;0.067228;0.10858;0.26495;0.51953;10.302
682.000;0.066168;0.10639;0.26043;0.5115;10.144
682.500;0.064984;0.10435;0.25585;0.50325;0.99838
683.000;0.063699;0.10253;0.25152;0.49491;0.98252
683.500;0.062452;0.10077;0.24765;0.48671;0.96794
684.000;0.06103;0.098673;0.24329;0.47858;0.95459
684.500;0.059584;0.096365;0.23844;0.47045;0.9408
685.000;0.058696;0.094556;0.23438;0.46249;0.92416
685.500;0.057955;0.09288;0.23071;0.45488;0.90775
686.000;0.056835;0.090821;0.22657;0.44753;0.89407
686.500;0.055738;0.08886;0.22225;0.44004;0.8799
687.000;0.054802;0.087208;0.21805;0.43227;0.86444
687.500;0.053795;0.085651;0.21405;0.42432;0.84918
688.000;0.052753;0.084107;0.21035;0.41674;0.83469
688.500;0.051764;0.082451;0.20682;0.40963;0.82077
689.000;0.050821;0.08043;0.20286;0.40203;0.80652
689.500;0.049899;0.078463;0.19878;0.39434;0.79192
690.000;0.049;0.077124;0.19527;0.3875;0.77758
690.500;0.048246;0.075764;0.19187;0.38054;0.76405
691.000;0.047629;0.074051;0.18825;0.37323;0.75107
691.500;0.046951;0.072438;0.18467;0.36664;0.73761
692.000;0.046175;0.070959;0.18113;0.36011;0.7236
692.500;0.045372;0.069519;0.17758;0.35286;0.70959
693.000;0.044672;0.068325;0.17426;0.34594;0.69664
693.500;0.044004;0.067167;0.17109;0.33965;0.6844
694.000;0.043149;0.065526;0.16772;0.33328;0.67135
694.500;0.042305;0.063965;0.16438;0.32669;0.65811
695.000;0.041697;0.062906;0.16133;0.32016;0.64562
695.500;0.04125;0.061691;0.15838;0.31408;0.63364
696.000;0.040685;0.060249;0.15522;0.30821;0.62149
696.500;0.039775;0.058926;0.15176;0.30211;0.60883
697.000;0.038983;0.0576;0.14881;0.29608;0.59695
697.500;0.038504;0.056256;0.14646;0.29032;0.58608
698.000;0.037956;0.05515;0.14357;0.28463;0.5748
698.500;0.037322;0.054046;0.14033;0.27905;0.56337
699.000;0.03676;0.05271;0.13749;0.27368;0.55255
699.500;0.036289;0.051647;0.13499;0.26826;0.54166
700.000;0.035843;0.05082;0.13259;0.26277;0.53063
700.500;0.03532;0.049657;0.13005;0.2575;0.5202
701.000;0.03474;0.048374;0.12726;0.25251;0.51014
701.500;0.034162;0.047301;0.12438;0.24764;0.50016
702.000;0.033622;0.046377;0.12207;0.24261;0.49041
702.500;0.033162;0.045505;0.12016;0.23772;0.48096
703.000;0.03278;0.0446;0.11802;0.23341;0.47174
703.500;0.032305;0.043598;0.11564;0.22906;0.46279
704.000;0.031693;0.04259;0.11323;0.22435;0.4541
704.500;0.031137;0.041828;0.11106;0.21978;0.44541
705.000;0.030814;0.041183;0.10915;0.21566;0.43697
705.500;0.030675;0.040379;0.10731;0.21193;0.42896
706.000;0.03011;0.03932;0.1051;0.20796;0.42058
706.500;0.029171;0.038197;0.10267;0.20375;0.41202
707.000;0.028584;0.037369;0.10071;0.19987;0.40429
707.500;0.028427;0.036729;0.099151;0.19621;0.39708
708.000;0.02843;0.03607;0.097648;0.19254;0.38988
708.500;0.028146;0.035343;0.095834;0.18896;0.38272
709.000;0.027593;0.034611;0.093866;0.18547;0.3757
709.500;0.027082;0.033948;0.092106;0.182;0.36881
710.000;0.026623;0.033237;0.090298;0.17856;0.36192
710.500;0.026198;0.032408;0.088423;0.17522;0.35507
711.000;0.025845;0.031547;0.086921;0.17203;0.34853
711.500;0.025502;0.030894;0.08556;0.16892;0.34242
712.000;0.025097;0.030531;0.083945;0.16584;0.33658
712.500;0.024686;0.029903;0.082223;0.16281;0.33034
713.000;0.02432;0.029068;0.080628;0.1598;0.32402
713.500;0.024018;0.028627;0.079322;0.15677;0.31866
714.000;0.023769;0.028203;0.07813;0.15409;0.31332
714.500;0.023479;0.027451;0.076839;0.15179;0.30738
715.000;0.022961;0.02675;0.075406;0.14909;0.30202
715.500;0.022463;0.026247;0.073973;0.14614;0.2972
716.000;0.022324;0.025826;0.072695;0.14352;0.29211
716.500;0.022073;0.025256;0.071418;0.14104;0.2867
717.000;0.021535;0.024512;0.070067;0.13847;0.28127
717.500;0.021136;0.023854;0.068754;0.13578;0.2762
718.000;0.020859;0.023344;0.067445;0.13318;0.27157
718.500;0.020537;0.022915;0.066105;0.13086;0.26718
719.000;0.020253;0.022459;0.064927;0.12873;0.26276
719.500;0.020028;0.021989;0.063945;0.12669;0.25833
720.000;0.019791;0.021589;0.063011;0.12461;0.25413
720.500;0.019494;0.021089;0.061998;0.12239;0.24982
721.000;0.019125;0.020413;0.06085;0.12006;0.24526
721.500;0.018741;0.019788;0.059625;0.11786;0.24096
722.000;0.018485;0.019423;0.058487;0.11592;0.2371
722.500;0.018436;0.019348;0.057583;0.11419;0.2335
723.000;0.018277;0.019113;0.056798;0.11231;0.22971
723.500;0.017859;0.018527;0.055943;0.11024;0.22559
724.000;0.017331;0.017848;0.054854;0.10832;0.22146
724.500;0.016837;0.017345;0.053764;0.10636;0.21768
725.000;0.016456;0.017086;0.052868;0.1042;0.21429
725.500;0.016164;0.016709;0.051892;0.10219;0.21054
726.000;0.015941;0.016167;0.050918;0.10053;0.2067
726.500;0.015788;0.01568;0.050221;0.099165;0.20362
727.000;0.015712;0.015324;0.049429;0.097726;0.20053
727.500;0.015606;0.015051;0.048365;0.095984;0.19702
728.000;0.01524;0.014701;0.047447;0.094124;0.19374
728.500;0.014961;0.01422;0.046759;0.092482;0.19078
729.000;0.015107;0.013709;0.04613;0.091218;0.18786
729.500;0.014973;0.013499;0.045335;0.08981;0.18491
730.000;0.014461;0.013509;0.044441;0.088145;0.18202
730.500;0.014208;0.013249;0.043752;0.086622;0.17939
731.000;0.013973;0.01275;0.042981;0.085123;0.17644
731.500;0.013548;0.012229;0.041999;0.083545;0.17303
732.000;0.013453;0.011855;0.041432;0.082247;0.17042
732.500;0.013593;0.011675;0.04107;0.081167;0.16838
733.000;0.013496;0.011595;0.040272;0.079964;0.16581
733.500;0.013319;0.011313;0.039449;0.078577;0.16313
734.000;0.013154;0.010831;0.038838;0.077156;0.1606
734.500;0.012806;0.010556;0.03812;0.075959;0.15791
735.000;0.012334;0.010335;0.037415;0.074749;0.15528
735.500;0.011954;0.0099465;0.036927;0.073341;0.15296
736.000;0.011956;0.0097257;0.036519;0.072316;0.1508
736.500;0.012136;0.0096742;0.036006;0.071604;0.14867
737.000;0.011984;0.009486;0.035298;0.070587;0.14661
737.500;0.011904;0.0092966;0.034767;0.069459;0.14475
738.000;0.012146;0.0092141;0.034506;0.068443;0.14294
738.500;0.012187;0.0090563;0.033954;0.067396;0.1407
739.000;0.011836;0.0087118;0.03319;0.06628;0.13845
739.500;0.01128;0.008255;0.032617;0.065161;0.13671
740.000;0.011041;0.0081206;0.03225;0.064136;0.13476
740.500;0.01114;0.0082018;0.031913;0.063209;0.13253
741.000;0.011077;0.0078693;0.031384;0.062316;0.1308
741.500;0.011016;0.0075609;0.030906;0.06154;0.12937
742.000;0.011181;0.0077041;0.030668;0.060912;0.12778
742.500;0.011306;0.0077362;0.030329;0.060214;0.12604
743.000;0.01128;0.0074519;0.02983;0.059366;0.12422
743.500;0.011152;0.0070565;0.029362;0.058446;0.12241
744.000;0.010943;0.0068842;0.029044;0.057625;0.12068
744.500;0.010675;0.0069031;0.02877;0.056879;0.11904
745.000;0.010402;0.0066241;0.028233;0.055937;0.11746
745.500;0.010281;0.0062607;0.027761;0.055004;0.1159
746.000;0.010347;0.0061414;0.027622;0.054308;0.11435
746.500;0.01018;0.0059427;0.027111;0.053485;0.11269
747.000;0.0098051;0.0056867;0.026387;0.052605;0.11106
747.500;0.0096421;0.005689;0.026284;0.052077;0.10973
748.000;0.0097053;0.0056522;0.026324;0.05162;0.10843
748.500;0.0098574;0.0054399;0.026049;0.051021;0.10703
749.000;0.0099396;0.0054734;0.025744;0.050506;0.10581
749.500;0.0099247;0.0055477;0.025423;0.04988;0.10464
750.000;0.0098548;0.0052833;0.024991;0.048914;0.10326
750.500;0.0097303;0.0050679;0.024675;0.04815;0.1019
751.000;0.0096413;0.005071;0.024514;0.047753;0.1007
751.500;0.0097391;0.0050902;0.024297;0.047362;0.099615
752.000;0.0098572;0.0051505;0.02405;0.046964;0.098499
752.500;0.0097996;0.0052032;0.023826;0.04651;0.09721
753.000;0.0095862;0.0048929;0.023535;0.045609;0.095717
753.500;0.0093126;0.004395;0.023263;0.044641;0.09429
754.000;0.0091143;0.0041547;0.023116;0.04425;0.093235
754.500;0.0091678;0.0041377;0.022791;0.043986;0.092328
755.000;0.0093836;0.0041515;0.022294;0.043472;0.09131
755.500;0.0093542;0.0039857;0.022101;0.0428;0.090098
756.000;0.009194;0.0038128;0.021911;0.042157;0.088911
756.500;0.0090793;0.0037827;0.0214;0.041645;0.087887
757.000;0.0087376;0.0035878;0.021086;0.041126;0.086733
757.500;0.0084045;0.0033567;0.021003;0.040579;0.085455
758.000;0.0085698;0.0034664;0.020795;0.040089;0.084327
758.500;0.0086439;0.0034676;0.020638;0.039596;0.083385
759.000;0.0083233;0.0031549;0.02055;0.039036;0.08246
759.500;0.0081686;0.0030145;0.020142;0.038435;0.081266
760.000;0.008301;0.0031019;0.019784;0.038046;0.080293
760.500;0.00856;0.0032045;0.019909;0.037995;0.079997
761.000;0.0087822;0.0031216;0.019901;0.037711;0.07955
761.500;0.0088546;0.0029632;0.019559;0.037134;0.078637
762.000;0.0087393;0.003033;0.019238;0.036724;0.07765
762.500;0.008506;0.0029453;0.018881;0.036209;0.076608
763.000;0.0082636;0.002533;0.018462;0.035469;0.075528
763.500;0.0081077;0.0023861;0.018243;0.035044;0.074615
764.000;0.0080588;0.0025645;0.018225;0.034898;0.07388
764.500;0.0080954;0.0027402;0.018245;0.034669;0.073193
765.000;0.0081946;0.0025639;0.018152;0.034212;0.072319
765.500;0.0082977;0.0021495;0.017922;0.033642;0.07137
766.000;0.0083319;0.0020372;0.017652;0.033262;0.07076
766.500;0.0083899;0.0021262;0.017393;0.033047;0.070219
767.000;0.0084317;0.0021118;0.01715;0.032789;0.06938
767.500;0.008056;0.0018507;0.016888;0.032221;0.068273
768.000;0.0075136;0.0015879;0.016642;0.031494;0.067162
768.500;0.0073026;0.001609;0.016447;0.030932;0.066261
769.000;0.0070336;0.0014301;0.016134;0.030424;0.065216
769.500;0.0066577;0.00099787;0.015727;0.029939;0.064116
770.000;0.0067032;0.00090973;0.015502;0.029651;0.063633
770.500;0.0069406;0.0010493;0.015317;0.029381;0.063316
771.000;0.0069754;0.0010713;0.015017;0.028972;0.062576
771.500;0.0069143;0.00093215;0.014864;0.028692;0.061757
772.000;0.0070494;0.00086459;0.01488;0.028592;0.061171
772.500;0.0075239;0.0011187;0.014841;0.028474;0.060839
773.000;0.007465;0.0012009;0.01452;0.028054;0.060138
773.500;0.0068349;0.00098507;0.014099;0.027454;0.059108
774.000;0.0069593;0.0010491;0.014201;0.02729;0.058768
774.500;0.0074359;0.0010935;0.014353;0.027291;0.058567
775.000;0.0073887;0.00075953;0.013945;0.026943;0.057708
775.500;0.007137;0.0007222;0.013509;0.026334;0.056884
776.000;0.006998;0.00097422;0.013306;0.025797;0.056286
776.500;0.0070545;0.00093271;0.013201;0.02565;0.055568
777.000;0.0071203;0.00086589;0.013115;0.025517;0.054952
777.500;0.0069812;0.00088835;0.012949;0.025098;0.054493
778.000;0.0065516;0.00055251;0.01258;0.024533;0.053754
778.500;0.0061973;0.00015709;0.012268;0.024059;0.052804
779.000;0.0061832;0.00013248;0.012227;0.023748;0.051926
779.500;0.0058721;8.12E-01;0.011985;0.023143;0.051148
780.000;0.005365;-0.00015625;0.011557;0.022518;0.050449
780.500;0.0054183;-0.00037519;0.01143;0.022635;0.049847
781.000;0.0057948;-0.00033297;0.011569;0.022705;0.049505
781.500;0.0060638;-1.26E-01;0.01171;0.022215;0.049369
782.000;0.0060621;0.00020577;0.011538;0.021937;0.048952
782.500;0.0059037;9.44E-01;0.011114;0.021756;0.0482
783.000;0.0058143;-0.0002742;0.010742;0.021291;0.047424
783.500;0.0058858;-0.00031842;0.010747;0.021181;0.047164
784.000;0.005936;-0.00015643;0.010886;0.02132;0.047056
784.500;0.0056349;-0.00051693;0.010506;0.020841;0.046073
785.000;0.0052972;-0.00088665;0.010053;0.020118;0.045019
785.500;0.0052573;-0.0008159;0.0099354;0.019693;0.044654
786.000;0.005448;-0.00075264;0.009805;0.019556;0.04448
786.500;0.0056739;-0.00068738;0.0096871;0.019487;0.044266
787.000;0.0057083;-0.00046209;0.0097292;0.019253;0.043956
787.500;0.0054172;-0.0005527;0.0095569;0.01891;0.043266
788.000;0.0049631;-0.00095317;0.0092057;0.018571;0.042343
788.500;0.0047721;-0.0010938;0.0091501;0.018336;0.041743
789.000;0.0050376;-0.0010296;0.009128;0.018212;0.041358
789.500;0.005445;-0.0010078;0.0088499;0.018075;0.040887
790.000;0.0050295;-0.00116;0.0084945;0.017657;0.040177
790.500;0.0042528;-0.0014056;0.0081869;0.017112;0.039498
791.000;0.0041814;-0.0015434;0.0080069;0.016793;0.039201
791.500;0.0045635;-0.0014282;0.0080901;0.016731;0.039009
792.000;0.0048113;-0.0012672;0.008198;0.016772;0.038656
792.500;0.004434;-0.0015417;0.0078016;0.016631;0.038065
793.000;0.0039097;-0.0020093;0.0073278;0.016054;0.03722
793.500;0.0037751;-0.0022506;0.0072343;0.015236;0.036355
794.000;0.0039421;-0.0020993;0.0073154;0.015104;0.036068
794.500;0.004066;-0.001838;0.0073584;0.015335;0.036063
795.000;0.0038736;-0.0018596;0.0072374;0.015078;0.035666
795.500;0.0037867;-0.0019387;0.0069798;0.014781;0.035076
796.000;0.0039361;-0.0019074;0.0067455;0.014726;0.034624
796.500;0.0039718;-0.0018443;0.0067417;0.014674;0.034458
797.000;0.0038605;-0.0019283;0.0067105;0.014468;0.034077
797.500;0.0037586;-0.0021811;0.0064601;0.014125;0.033261
798.000;0.0038841;-0.0022711;0.0062924;0.013906;0.032806
798.500;0.0040126;-0.0021878;0.00631;0.013865;0.032719
799.000;0.0038108;-0.0021363;0.006388;0.013834;0.032459
799.500;0.0036692;-0.0021857;0.0062418;0.01344;0.031808
800.000;0.0036817;-0.0023059;0.0058863;0.012813;0.030965
800.500;0.0034873;-0.0024005;0.0056797;0.012586;0.030437
801.000;0.0032644;-0.0024656;0.0056549;0.012474;0.030157
801.500;0.0032066;-0.0025042;0.0056806;0.01217;0.029921
802.000;0.0031073;-0.0024691;0.0055895;0.012051;0.029716
802.500;0.0030416;-0.0024652;0.0053803;0.012078;0.029486
803.000;0.0031672;-0.0026259;0.0051896;0.011947;0.029176
803.500;0.0031008;-0.0027701;0.005187;0.011677;0.028877
804.000;0.0029589;-0.0026768;0.0052761;0.011436;0.028628
804.500;0.0033888;-0.0022622;0.005132;0.011419;0.028373
805.000;0.0036955;-0.0020805;0.0050275;0.011471;0.028091
805.500;0.0033516;-0.0024199;0.005116;0.011351;0.027781
806.000;0.00321;-0.0025774;0.0048796;0.010964;0.027457
806.500;0.0033007;-0.0024621;0.0045294;0.010565;0.027113
807.000;0.0031459;-0.0024243;0.0045808;0.010487;0.026744
807.500;0.0029127;-0.0025709;0.0046162;0.01049;0.026391
808.000;0.0027564;-0.0029057;0.0043718;0.010273;0.025969
808.500;0.0026785;-0.003319;0.004037;0.0097328;0.025341
809.000;0.0028791;-0.0033209;0.0039753;0.009527;0.025014
809.500;0.003282;-0.0027958;0.0042623;0.0099008;0.025194
810.000;0.0031917;-0.0025934;0.0043379;0.0098092;0.025055
810.500;0.0029819;-0.0028153;0.0042011;0.0093495;0.024591
811.000;0.0033497;-0.0030276;0.0041798;0.0092432;0.024274
811.500;0.0034363;-0.0030129;0.0042284;0.0092974;0.023987
812.000;0.0030369;-0.0028506;0.0042058;0.0093226;0.023687
812.500;0.0029193;-0.0028374;0.0039959;0.0093204;0.023507
813.000;0.0029496;-0.0028785;0.0037431;0.009064;0.023261
813.500;0.0029439;-0.002846;0.0036962;0.008635;0.02287
814.000;0.0032562;-0.0028439;0.004046;0.0087609;0.022658
814.500;0.0034334;-0.002953;0.0042555;0.0089678;0.022543
815.000;0.0029074;-0.0031457;0.0037634;0.0084512;0.022266
815.500;0.0026037;-0.0031547;0.0034831;0.0080633;0.021944
816.000;0.002823;-0.0030182;0.0036108;0.008069;0.021631
816.500;0.0029427;-0.0030768;0.0034158;0.0078768;0.021257
817.000;0.0028377;-0.0032196;0.003201;0.0077816;0.020974
817.500;0.0027;-0.003204;0.0032797;0.0080344;0.020885
818.000;0.002897;-0.0028998;0.003301;0.0082068;0.020837
818.500;0.0032707;-0.0026134;0.0033277;0.0081316;0.020709
819.000;0.0034092;-0.002705;0.0035465;0.007894;0.020444
819.500;0.0031792;-0.0028855;0.0035962;0.0076994;0.020086
820.000;0.0027489;-0.0029231;0.003375;0.0075385;0.019672
820.500;0.0025102;-0.0028127;0.0031636;0.0072633;0.019252
821.000;0.0026805;-0.0027366;0.0032477;0.007292;0.019063
821.500;0.0030789;-0.0028198;0.0035389;0.0076271;0.019119
822.000;0.0030393;-0.0029855;0.0034104;0.0073684;0.019001
822.500;0.0027626;-0.0031044;0.0030938;0.0068653;0.018679
823.000;0.0027723;-0.0031179;0.003085;0.0068131;0.018317
823.500;0.0029661;-0.0032111;0.0031101;0.0066755;0.017929
824.000;0.0031265;-0.0032456;0.0030586;0.0064423;0.017618
824.500;0.0031067;-0.0028702;0.0030745;0.0066217;0.017549
825.000;0.0031181;-0.002409;0.0031399;0.0067747;0.017658
825.500;0.003233;-0.0022601;0.0031994;0.0066327;0.0177
826.000;0.003167;-0.0025271;0.0032273;0.0066221;0.017344
826.500;0.0030074;-0.0027195;0.0032269;0.0066408;0.017104
827.000;0.0029378;-0.0024763;0.0031693;0.0064196;0.017389
827.500;0.0028388;-0.0025244;0.0029211;0.0060872;0.017194
828.000;0.0028852;-0.0028595;0.0026653;0.0058809;0.016514
828.500;0.003345;-0.0028725;0.0027455;0.0059785;0.016221
829.000;0.0035264;-0.0027986;0.0028893;0.0060802;0.01633
829.500;0.0032267;-0.0027847;0.0029162;0.0060574;0.016492
830.000;0.0032431;-0.0025636;0.0030001;0.0061741;0.016277
830.500;0.0033768;-0.0024731;0.0029649;0.0062112;0.015941
831.000;0.0032335;-0.0027857;0.0026946;0.0059641;0.015822
831.500;0.0031708;-0.0029324;0.0026092;0.0058149;0.015654
832.000;0.0031765;-0.0028994;0.0026649;0.0056764;0.015221
832.500;0.0030137;-0.003052;0.0025364;0.0052398;0.014578
833.000;0.0030445;-0.0031445;0.0024751;0.0050449;0.01439
833.500;0.0031936;-0.0030493;0.0025484;0.0051633;0.01461
834.000;0.0028157;-0.0029572;0.0024688;0.0049418;0.014297
834.500;0.002531;-0.002797;0.0024394;0.004776;0.013992
835.000;0.0028681;-0.0025457;0.002663;0.0050888;0.014244
835.500;0.0030927;-0.0025037;0.0029021;0.0054215;0.014345
836.000;0.0028777;-0.0026232;0.0029024;0.0052882;0.014114
836.500;0.0024358;-0.0027058;0.0025293;0.0045625;0.013789
837.000;0.0024368;-0.0030064;0.0020142;0.0041917;0.013374
837.500;0.0028379;-0.0033227;0.0018276;0.004551;0.013022
838.000;0.0028665;-0.003021;0.0023872;0.00509;0.013035
838.500;0.0028991;-0.0027247;0.0026635;0.0051661;0.013158
839.000;0.0032127;-0.0028946;0.0021509;0.0047181;0.013131
839.500;0.0031442;-0.0028668;0.0021886;0.0046809;0.013062
840.000;0.0028423;-0.0027761;0.0026753;0.0049038;0.012917
840.500;0.0028259;-0.0030054;0.0027289;0.0047402;0.012606
841.000;0.003021;-0.0029973;0.0022003;0.0042874;0.012232
841.500;0.0031061;-0.0027956;0.0016839;0.0038971;0.0119
842.000;0.0027964;-0.0029829;0.0020461;0.0039247;0.011704
842.500;0.0026749;-0.0029131;0.0025019;0.0041953;0.011906
843.000;0.0029753;-0.0022546;0.0024131;0.0044467;0.01237
843.500;0.0030076;-0.0017915;0.0022172;0.0045393;0.012339
844.000;0.0028571;-0.0019346;0.0020885;0.0042154;0.011939
844.500;0.0028318;-0.0025514;0.0020032;0.0035537;0.011603
845.000;0.0026563;-0.002827;0.0019314;0.0035939;0.011262
845.500;0.0024406;-0.0025655;0.0018515;0.004176;0.010876
846.000;0.0025891;-0.0021991;0.0017826;0.004247;0.010566
846.500;0.0030084;-0.002158;0.0018897;0.0039332;0.01074
847.000;0.0033069;-0.0023816;0.0021382;0.0036566;0.011201
847.500;0.0029969;-0.0022754;0.0021965;0.0037259;0.010998
848.000;0.0025075;-0.0021708;0.0019485;0.003931;0.010534
848.500;0.0024033;-0.0024411;0.0015379;0.0039029;0.010381
849.000;0.0026352;-0.0026305;0.0013988;0.0034797;0.010145
849.500;0.0029726;-0.0024997;0.0015811;0.0031981;0.0099039
850.000;0.0031421;-0.0021655;0.0018295;0.003627;0.0099548
850.500;0.0030044;-0.0021656;0.0018896;0.0037304;0.0098274
851.000;0.0025896;-0.0026109;0.0014974;0.0030162;0.0092595
851.500;0.002058;-0.0030757;0.00058052;0.0020611;0.0084634
852.000;0.0014074;-0.0034549;0.00020508;0.0016233;0.0078592
852.500;0.00087848;-0.0036564;0.00083261;0.001918;0.0076997
853.000;0.0011278;-0.0034447;0.0012926;0.0022277;0.0078404
853.500;0.0016349;-0.0032566;0.00117;0.0022754;0.0079675
854.000;0.0015758;-0.0035152;0.00076084;0.0021641;0.0078729
854.500;0.0013938;-0.003403;0.0008737;0.002215;0.0078954
855.000;0.0015879;-0.0027821;0.0014543;0.002546;0.0080698
855.500;0.0022995;-0.0023005;0.0017083;0.0029981;0.0081219
856.000;0.0027631;-0.0021316;0.0017757;0.0032121;0.0081872
856.500;0.0025862;-0.0021533;0.0017799;0.0029978;0.0084097
857.000;0.0023596;-0.0020666;0.0014755;0.0025686;0.0087311
857.500;0.0024834;-0.0018811;0.0014574;0.0025125;0.0089378
858.000;0.0028243;-0.0018653;0.0019857;0.0029951;0.0087705
858.500;0.0024221;-0.0024359;0.0016484;0.0028764;0.0080787
859.000;0.0018889;-0.002875;0.00084312;0.0022569;0.0073867
859.500;0.0024666;-0.0021836;0.0010327;0.0021218;0.0074428
860.000;0.002858;-0.0016687;0.0017075;0.0026059;0.0079166
860.500;0.0026105;-0.0020965;0.0020531;0.003209;0.0081966
861.000;0.0028009;-0.0028345;0.0016342;0.0030742;0.0078061
861.500;0.0028776;-0.0029151;0.0011721;0.0025249;0.0073848
862.000;0.0024598;-0.0022024;0.0012963;0.0022308;0.0075034
862.500;0.0026326;-0.0021304;0.0016076;0.0025025;0.0077793
863.000;0.0029963;-0.0025169;0.0016266;0.0027064;0.0078794
863.500;0.0026627;-0.0024911;0.0011867;0.0022243;0.0076269
864.000;0.0023137;-0.0024148;0.00097438;0.0021101;0.0070469
864.500;0.0024098;-0.0023867;0.0012867;0.0024941;0.0065864
865.000;0.0028408;-0.0021438;0.001821;0.002503;0.0068081
865.500;0.0031376;-0.0020036;0.0019603;0.002253;0.0069776
866.000;0.003103;-0.0020706;0.0016782;0.0021347;0.0067363
866.500;0.0030537;-0.001943;0.0017921;0.0023938;0.0067646
867.000;0.0029995;-0.0018258;0.0019419;0.0027321;0.0068832
867.500;0.0028623;-0.0020386;0.0016959;0.0027603;0.0067382
868.000;0.0027595;-0.0024105;0.00178;0.0024902;0.0066197
868.500;0.0028527;-0.0023082;0.0018736;0.002363;0.0067139
869.000;0.0031443;-0.0013832;0.001247;0.0027192;0.006935
869.500;0.0030259;-0.0014174;0.001121;0.0024865;0.0067748
870.000;0.0025285;-0.0024627;0.0016724;0.0017329;0.0063335
870.500;0.0024139;-0.0024234;0.0015604;0.0018727;0.0063322
871.000;0.0023256;-0.0020249;0.00096048;0.0020519;0.0062614
871.500;0.0020797;-0.0021543;0.00069895;0.0016463;0.0058926
872.000;0.0024454;-0.0020866;0.0014716;0.0018624;0.0061814
872.500;0.0027748;-0.0021204;0.0020175;0.0021542;0.006312
873.000;0.0022224;-0.0026307;0.0011247;0.0016413;0.0053042
873.500;0.0017904;-0.0023743;0.00073257;0.0015818;0.0046965
874.000;0.0018262;-0.0017084;0.001144;0.0020192;0.0048858
874.500;0.0019318;-0.0021219;0.0011011;0.0018994;0.0050456
875.000;0.0022309;-0.0026141;0.0010248;0.0015832;0.0051152
875.500;0.0027077;-0.0024444;0.001193;0.0015218;0.0050968
876.000;0.0029848;-0.0021732;0.0011189;0.0016897;0.0048669
876.500;0.0030869;-0.001847;0.0012256;0.0018792;0.0050391
877.000;0.0030525;-0.0015321;0.0017483;0.0019307;0.0057375
877.500;0.0025856;-0.0018392;0.0017039;0.0019119;0.0054931
878.000;0.0020219;-0.0023938;0.0012526;0.00172;0.0044831
878.500;0.0018992;-0.0024135;0.0011523;0.0013285;0.0039023
879.000;0.0019245;-0.0021384;0.0011969;0.0013372;0.004053
879.500;0.0020587;-0.0017443;0.0012587;0.0016756;0.004723
880.000;0.0025263;-0.0012429;0.0014014;0.0016638;0.0053708
880.500;0.0026405;-0.0012907;0.0012231;0.0015224;0.0052667
881.000;0.0022273;-0.001877;0.00086571;0.0014364;0.0045843
881.500;0.0023681;-0.0017156;0.0014049;0.0011224;0.0048537
882.000;0.0030244;-0.0012563;0.0021026;0.001167;0.0054439
882.500;0.003497;-0.0014153;0.0019019;0.001824;0.0052032
883.000;0.0031749;-0.0018699;0.0013955;0.0015761;0.0046257
883.500;0.0025098;-0.0021357;0.0011107;0.000867;0.0042053
884.000;0.0024219;-0.0019403;0.0012104;0.0011519;0.0041364
884.500;0.0027044;-0.0017134;0.0013897;0.0015018;0.0042084
885.000;0.0027412;-0.0017809;0.0012153;0.0013099;0.004127
885.500;0.0020224;-0.0020978;0.00048952;0.00099576;0.0037505
886.000;0.0017018;-0.0022963;0.00052581;0.0008887;0.0037826
886.500;0.0023118;-0.0021992;0.0015761;0.000978;0.0043735
887.000;0.0024234;-0.0021096;0.0014193;0.00083351;0.004336
887.500;0.0020468;-0.0020022;0.00064216;0.00059413;0.0038322
888.000;0.001847;-0.0017605;0.00069122;0.00056512;0.0035421
888.500;0.0018476;-0.0015845;0.0009396;0.000639;0.003404
889.000;0.0018622;-0.0015879;0.001038;0.00086453;0.003394
889.500;0.0017593;-0.0017145;0.0011332;0.0012992;0.0035632
890.000;0.0020204;-0.0017377;0.0012547;0.0013177;0.0037582
890.500;0.0026384;-0.0015907;0.0014022;0.00090187;0.00401
891.000;0.0028548;-0.0014639;0.0015123;0.00083787;0.0044857
891.500;0.0024538;-0.0016112;0.0011394;0.00078629;0.0043688
892.000;0.0019724;-0.0020219;0.00051296;0.00054327;0.0036467
892.500;0.0026659;-0.0021985;0.0011857;0.00098751;0.0043029
893.000;0.0035901;-0.0021723;0.0021433;0.0017453;0.0050456
893.500;0.0032849;-0.0021082;0.0017375;0.0019634;0.0040296
894.000;0.0027311;-0.0015852;0.0011693;0.0018091;0.0037262
894.500;0.0025142;-0.00097647;0.001111;0.0016045;0.004429
895.000;0.0025103;-0.001129;0.001284;0.0015632;0.0043415
895.500;0.0026896;-0.0014178;0.0012654;0.0015231;0.0039809
896.000;0.0029199;-0.0013143;0.0011522;0.0014648;0.0040176
896.500;0.0029457;-0.0010201;0.0015371;0.0015947;0.0043719
897.000;0.0028333;-0.0011192;0.0015072;0.0014795;0.0044602
897.500;0.0025994;-0.0017237;0.0006294;0.00092946;0.0038581
898.000;0.0020008;-0.0017977;0.00055129;0.00073377;0.0029186
898.500;0.0019079;-0.0012249;0.0010219;0.00099306;0.0027587
899.000;0.0029072;-0.00069162;0.00098212;0.0013349;0.0039155
899.500;0.0028176;-0.0011459;0.0010198;0.0015443;0.0041992
900.000;0.0019684;-0.0018277;0.001298;0.0015037;0.003598
900.500;0.0025698;-0.0011111;0.0013269;0.0011563;0.003895
901.000;0.0025141;-0.00093982;0.00079353;0.00045908;0.0036102
901.500;0.0015749;-0.0017;0.00031419;0.00016249;0.0026376
902.000;0.0028848;-0.00094089;0.0012298;0.001497;0.0033519
902.500;0.0043032;-0.00015165;0.0021333;0.0018982;0.0042109
903.000;0.0034488;-0.00091633;0.0017159;0.00010222;0.0036713
903.500;0.0021749;-0.0015586;0.0012067;0.00037603;0.0035172
904.000;0.0020544;-0.0015076;0.0011112;0.0019335;0.0036853
904.500;0.0031699;-0.001158;0.0012036;0.0017454;0.003288
905.000;0.003121;-0.00079111;0.0011609;0.0010045;0.0032239
905.500;0.0018816;-0.00091381;0.00066681;0.00056042;0.0032742
906.000;0.0015758;-0.0018119;-0.00015072;0.00029772;0.0024608
906.500;0.002111;-0.001748;0.00064313;0.0002597;0.0023838
907.000;0.0026063;-0.00065028;0.002464;0.00030565;0.0030693
907.500;0.0022777;-0.00087951;0.0015746;9.06E-01;0.0021186
908.000;0.0021273;-0.0012104;0.00019743;-2.07E-02;0.0014507
908.500;0.0027001;-0.00055054;0.00059032;0.00029807;0.0025934
909.000;0.0023902;-0.00090156;0.00032574;0.00048386;0.0028855
909.500;0.0017674;-0.0015337;6.49E-02;0.00060136;0.0022406
910.000;0.0021163;-0.00078018;0.0013905;0.001023;0.0021789
910.500;0.0024272;0.00014784;0.0021065;0.0018535;0.0031593
911.000;0.0023747;0.00019491;0.0017057;0.0023346;0.0038798
911.500;0.002421;-0.00078018;0.001376;0.0014071;0.0025755
912.000;0.0022777;-0.0015151;0.00067237;-0.00013158;0.001448
912.500;0.0020485;-0.0012341;2.49E-02;-0.00083334;0.0018535
913.000;0.0023912;-0.000393;0.00096629;0.00042318;0.0026619
913.500;0.0024781;-7.75E-01;0.0019622;0.0015663;0.0029247
914.000;0.0017495;-0.000795;0.0013587;0.00099879;0.0025236
914.500;0.0012317;-0.0015668;1.75E-01;0.00032376;0.0024457
915.000;0.0012704;-0.0014723;-0.00070421;0.00018558;0.0020079
915.500;0.0016777;-0.00053864;-0.00010523;0.00040119;0.00071392
916.000;0.0022229;-0.00065777;0.00069832;0.00071753;0.0010107
916.500;0.0022378;-0.0014059;0.0011665;0.00097407;0.0022783
917.000;0.0011534;-0.00097619;0.0013213;0.0010347;0.0019716
917.500;0.00032612;-0.00068715;0.00076949;0.00061157;0.0016609
918.000;0.00067439;-0.0010301;0.00025711;6.90E-02;0.0021832
918.500;0.0018639;-0.00081308;0.0014184;0.00011623;0.0024492
919.000;0.0024131;-0.00053959;0.001992;0.0007698;0.0027094
919.500;0.0018165;-0.00088602;0.00054417;0.0010754;0.0029517
920.000;0.0018219;-0.0015352;-0.00036258;-2.57E-02;0.002024
920.500;0.0021256;-0.0016089;0.00023277;-0.00095331;0.0011937
921.000;0.0017341;-0.0009109;0.0015284;-0.00016158;0.001671
921.500;0.0010129;-0.0013302;0.0012178;0.0004421;0.0014081
922.000;0.00083612;-0.0020137;-5.36E-01;0.00032934;0.0011932
922.500;0.0016569;-0.00093424;-3.73E-01;0.00020812;0.0028539
923.000;0.0016884;-0.00016309;0.00055105;-2.24E-01;0.0029513
923.500;0.0011271;-0.00014903;0.0012726;9.35E-01;0.0014799
924.000;0.0020857;0.00076377;0.0023222;0.0012655;0.0022409
924.500;0.0025606;0.00076216;0.0019666;0.0013239;0.0025961
925.000;0.0015861;-0.00062797;0.00044491;8.94E-02;0.0012266
925.500;0.001563;-0.00052965;0.0012497;0.001128;0.0015827
926.000;0.0023589;0.0002;0.0022698;0.002352;0.0026833
926.500;0.0027865;-7.44E-01;0.0010684;0.0011297;0.0025276
927.000;0.0023646;-0.00053298;0.00040505;-0.00025293;0.0019156
927.500;0.0015265;-0.00060566;0.00081262;-0.00064179;0.0017094
928.000;0.0010523;-0.00014752;0.0011356;-0.00013994;0.0021461
928.500;0.0010485;0.00081469;0.0011486;0.00096715;0.0022205
929.000;0.0014841;0.00092379;0.00089657;0.0013975;0.0017728
929.500;0.0020803;-0.0012797;0.00055166;-0.00015765;0.0014655
930.000;0.0014924;-0.0022179;0.00050755;-0.0010312;0.0010363
930.500;0.0002463;-0.00068474;0.00084847;6.60E-01;0.00070874
931.000;0.0010678;-4.67E-01;0.0011499;0.001215;0.0014316
931.500;0.0022882;-0.00026869;0.00094812;0.0015361;0.0023917
932.000;0.0020597;-0.00010418;0.00049128;0.0010442;0.00243
932.500;0.0015571;0.0009052;0.0010687;0.00044118;0.0012662
933.000;0.0012163;0.0012119;0.0013131;0.00049515;0.00012373
933.500;0.0010708;-0.00014181;4.97E-02;0.0012194;0.00024111
934.000;0.001621;5.38E-01;0.00022944;0.00083728;0.00077691
934.500;0.0021987;0.0012856;0.0014175;-0.00034319;0.0011508
935.000;0.0016639;0.00060718;0.00077232;-0.00056824;0.0013204
935.500;0.00098852;-0.00069423;0.00031799;0.00012198;0.0015254
936.000;0.0010866;-0.0011273;0.00095919;0.00074703;0.0017062
936.500;0.0018332;-0.00052947;0.0011649;0.00015363;0.0014195
937.000;0.0011012;-0.00065928;0.00026286;-0.00078685;0.00037485
937.500;-0.00082643;-0.0015402;-0.00099002;-0.00087645;-0.00050536
938.000;0.00016513;-0.00028824;-0.00061384;0.00023216;0.0008616
938.500;0.0016069;0.00043669;-4.58E-01;0.00059439;0.0019255
939.000;0.00056849;-0.001458;-0.00070782;-0.00059669;0.0005448
939.500;-5.86E-01;-0.0014205;-0.00060928;0.00010134;2.11E-03
940.000;0.00023343;6.65E-01;0.00017002;0.001326;0.0006029
940.500;0.00035425;-0.00024336;0.00026323;2.47E-01;0.00081581
941.000;0.00068038;-0.0019393;-0.00045173;-0.0012148;0.0008983
941.500;0.0012885;-0.0026319;-0.001019;-0.00098975;0.00095737
942.000;0.0015766;-0.00030125;-0.00033903;-0.00010135;0.00068693
942.500;0.00043948;0.00047905;-6.36E-03;-3.76E-02;-1.71E-01
943.000;-0.00093581;-0.0010211;-0.00026266;-0.00065406;-0.00056738
943.500;0.00055366;0.00027668;0.00065115;-3.10E-02;6.36E-01
944.000;0.0017087;0.0022188;0.0013936;0.0010468;0.00085892
944.500;0.00062479;0.0020064;0.0010668;0.0014718;0.00086664
945.000;0.0011173;0.00060766;0.0013063;0.0012862;0.0005359
945.500;0.0018985;-0.00060847;0.0011984;1.88E-01;0.00027493
946.000;0.0008221;-0.00088441;-0.0002169;-0.0017582;0.0003924
946.500;0.00070165;-0.00086991;-0.00063161;-0.00064705;0.0010995
947.000;0.0016964;-0.00039438;0.00026148;0.0019688;0.0016094
947.500;0.0018932;0.00073209;0.0010696;0.0022373;0.0010554
948.000;0.00066249;0.00048111;0.00076138;0.00063368;0.00053904
948.500;-0.00080051;-0.00065559;-0.00021444;-0.00049123;0.00037818
949.000;-0.00053431;-0.00014655;-0.0003908;0.0009607;-6.16E-01
949.500;-0.00015876;0.00037179;-5.53E-02;0.0014287;-0.00046989
950.000;-0.00032923;-0.00016397;0.00043348;-0.00044309;-0.00022003
950.500;0.00048261;-0.00054015;0.0011233;-0.0013476;0.00096305
951.000;0.00069337;-0.00034563;0.0008678;-0.00089164;0.00081366
951.500;-0.00042051;5.50E-01;-0.00036928;-0.0003443;-0.00099862
952.000;-6.96E-01;-0.00017604;-8.08E-01;-0.0012078;-0.00020779
952.500;0.0011988;0.00019834;0.0014731;-0.0010055;0.0015109
953.000;0.0016318;0.0019304;0.0024641;0.0019081;0.0010415
953.500;0.0015958;0.0019594;0.001612;0.0021231;0.00044938
954.000;0.001285;0.00049388;0.00030031;-0.00031761;0.00029205
954.500;0.00095654;-6.96E-02;0.00070762;-0.0013332;2.95E-02
955.000;0.0021342;0.00024604;0.0011738;3.33E-01;0.000788
955.500;0.0032399;0.00079916;0.00068073;0.0018719;0.0010344
956.000;0.0010146;0.00096292;-0.00010088;0.0013159;-0.0019407
956.500;-0.00035647;0.0005641;0.00051884;0.00095733;-0.0014995
957.000;0.00083886;-6.34E-01;0.0021086;0.0015813;0.0030161
957.500;0.00069676;-0.00020631;0.0015287;0.00015473;0.0023838
958.000;-0.00083863;4.36E-02;-0.00072652;-0.0015284;-0.00010234
958.500;-0.0021016;0.00026274;-0.0025834;-0.0017228;-0.00014154
959.000;-0.001727;0.00051312;-0.0023167;-0.002134;-0.00081634
959.500;-0.00023272;1.64E-01;-0.00060294;-0.0016879;-0.0011436
960.000;0.00098026;-0.0011462;0.00059832;0.0005255;0.00034215
960.500;0.00092113;-0.00037672;-0.00036387;0.0012949;0.00048744
961.000;0.00035349;0.0012932;-0.00091465;0.00052373;0.00031665
961.500;0.00059782;0.00093817;0.0018107;0.00020459;0.0020704
962.000;0.00083581;-0.00099783;0.0022744;0.0003474;0.0010218
962.500;0.00012787;-0.0022114;-0.00010218;0.00059101;-0.0015931
963.000;-0.0014337;-0.0006232;-0.0006208;0.00050265;0.00013351
963.500;-0.0007285;-1.32E-01;0.00068992;-0.00069689;0.0021355
964.000;0.0014301;-0.0013536;0.0018005;-0.0019447;0.001466
964.500;-6.91E-01;-0.00081739;0.00067929;-0.00041664;5.00E-01
965.000;-0.00097401;0.0014738;6.54E-01;0.0030752;-0.00029485
965.500;0.0014452;0.0033733;0.0013409;0.0048395;0.00065891
966.000;0.002254;0.0026215;0.0012681;0.00040684;0.00097487
966.500;0.0012748;0.0012877;0.00027303;-0.002602;2.37E-01
967.000;0.00013595;0.0011756;-0.00034773;0.0012861;-0.0013286
967.500;-0.0013858;-0.00076378;-0.001686;0.00086044;-0.00097825
968.000;-0.00093547;-0.0017099;-0.0023268;-0.0022566;-0.00011251
968.500;0.002658;0.0015763;-0.00055774;-0.00074542;-0.00081131
969.000;0.002233;0.0016603;0.0008306;0.00077693;-0.0012304
969.500;-0.0012508;-0.0014344;-0.00015945;0.00038469;-0.00088831
970.000;-0.0010362;-0.0014572;-0.0030464;-0.00033977;-0.00086662
970.500;0.0001197;0.00063866;-0.0030896;-0.0020332;-0.0015061
971.000;-0.00072714;0.00081738;-0.00086342;-0.0037542;-0.0022628
971.500;-0.0032743;-0.0039135;-0.0019839;-0.0027666;-0.0019847
972.000;-0.0033034;-0.0040259;-0.0016578;0.00053492;-0.00035535
972.500;-3.50E-01;0.0022497;0.0017887;0.0030006;0.0013442
973.000;0.0013729;0.0019852;0.0017408;0.00055105;0.00066818
973.500;0.0010219;-0.0013003;0.00056903;-0.0016317;-0.00041361
974.000;0.0010018;-0.00041342;0.0013768;0.00081922;-2.06E-01
974.500;0.00202;0.0035907;0.00096682;0.0032173;-8.76E-01
975.000;0.00059577;0.004053;-0.0013665;0.0020816;-0.0016967
975.500;-0.0048257;-0.0024609;-0.0036198;-0.0022792;-0.0040342
976.000;-0.0058444;-0.0049136;-0.0020632;-0.0035722;-0.0036605
976.500;-0.0028355;-0.0023573;-0.00013997;-0.0018073;-0.0015751
977.000;-0.0015084;-0.0009357;-0.0028771;-0.0010912;-0.00080403
977.500;-0.00030342;-0.00047629;-0.0028991;-0.0014206;0.00058075
978.000;-0.00013408;-0.00031572;0.00076584;-0.0017738;0.0018122
978.500;-0.0033687;-0.000438;0.0020773;-0.0010689;0.00018858
979.000;-0.0026495;-0.00026228;0.0012901;0.0013061;-0.00021198
979.500;0.0018696;0.00070916;0.00017834;0.0034963;0.0014722
980.000;0.00015844;0.0021792;-0.00025032;0.0019722;0.00068889
980.500;-0.0028578;0.00099899;-0.0010249;-0.00031861;-0.0025244
981.000;-0.0019842;-0.0021973;-0.0018269;-0.0001398;-0.0045281
981.500;-0.00031213;-0.00070667;7.50E-02;0.0019319;-0.00050569
982.000;-0.00060346;0.0015408;0.00067188;0.0011208;0.0021874
982.500;-0.0034029;7.41E-01;-0.002254;-0.0035178;-0.0020502
983.000;-0.0057933;-0.00062006;-0.0027742;-0.002858;-0.0042946
983.500;-0.0045206;8.63E-01;-0.0010948;0.00037571;-0.0024931
984.000;0.00023242;0.00064552;-0.000248;-0.00016524;-1.92E-01
984.500;0.00031092;0.0016597;0.00075156;0.00017118;-0.00035019
985.000;-0.0033167;0.0029627;0.001414;0.00092539;-0.001986
985.500;-0.0038331;0.0034621;0.00041072;-0.0015895;-0.0012612
986.000;-0.0017263;0.0020458;-0.00084539;-0.0041569;-4.74E-01
986.500;0.00045251;-8.93E-01;-0.0012028;-0.0039101;0.00016743
987.000;0.00059681;-0.00055913;-0.00079867;-0.00073105;-0.00040053
987.500;0.00096509;-0.001535;-0.001791;0.00095368;-0.00081139
988.000;0.0014832;-0.003413;-0.0037474;-0.00054679;-0.00097328
988.500;-0.0010887;-0.0034449;-0.0034029;-0.0021225;-0.001739
989.000;-0.0032115;-0.0020409;-0.0029555;-0.0012679;-0.0022179
989.500;-0.0024944;-0.00039253;-0.0034115;0.00089155;-0.001923
990.000;-0.001887;0.00092608;-0.0015734;-0.00074742;-0.0019087
990.500;-0.0017845;0.00082895;-0.0005411;-0.0021551;-0.0023789
991.000;-0.0015822;-0.00031947;-0.0026874;0.00047999;-0.0027019
991.500;-0.001442;0.00060612;-0.0033164;0.0024312;-0.0017698
992.000;-0.0014442;0.0010099;-0.0019587;0.0024551;-0.0011225
992.500;-0.0018444;-0.0012258;-0.00081069;0.0017442;-0.0020364
993.000;-0.0033714;0.00097065;-0.0011775;0.00090698;-0.0015532
993.500;-0.0039336;0.004056;-0.00076142;0.000771;-0.001593
994.000;-0.0016207;0.0007188;0.0028435;0.0016059;-0.0048594
994.500;-0.0014836;-0.00040589;0.0044055;0.0012626;-0.0042329
995.000;-0.0043496;0.00043602;0.0010916;-0.0022137;-0.0014085
995.500;-0.0061836;-0.0039504;-0.004602;-0.0077921;-0.0040173
996.000;-0.0043416;-0.0043513;-0.0039151;-0.0052923;-0.0033652
996.500;-0.00074765;0.00076888;0.0025882;0.002903;0.0015424
997.000;-0.00051652;0.0016135;0.0039762;0.0015458;0.00095011
997.500;-0.0010109;0.00030027;0.00016798;-0.0021475;0.00034977
998.000;-0.0011454;5.94E-01;-0.0037566;-0.0019472;0.002218
998.500;-0.0044785;-0.00018184;-0.0023981;-0.0027523;-0.00079249
999.000;-0.0064841;-0.0018091;-0.00039651;-0.0031407;-0.0037664
999.500;-0.0039467;-0.0035616;-0.0014388;-0.0015174;-0.0018936
1.000.000;-0.0016468;-0.00070132;-0.00063194;-0.00089225;0.00024551
1.000.500;-0.00056902;0.0017656;0.00089894;-0.00087388;8.62E-01
1.001.000;7.39E-01;-0.00078255;6.09E-01;3.58E-02;-0.0014952
1.001.500;-0.00048523;-0.00099495;-0.0023893;0.0010994;-0.00025218
1.002.000;-0.0038969;0.00021116;-0.0039688;-0.00060757;0.00093878
1.002.500;-0.0085943;-0.00095492;-0.0028835;-0.0053455;-0.0017214
1.003.000;-0.0042395;0.00097939;-0.0014537;-0.0035384;-0.001316
1.003.500;0.0019495;0.0047775;-0.00097568;0.0014339;0.0010124
1.004.000;-0.0038096;0.0049535;-0.00092275;-0.00020568;-0.00090539
1.004.500;-0.0056565;0.004019;0.00032812;-0.00047;-0.0035426
1.005.000;-0.0011809;0.0034877;0.0016129;0.002225;-0.0036264
1.005.500;-0.0031458;0.002492;-0.00021055;0.0012183;-0.0012918
1.006.000;-0.0059169;0.0017329;-0.0039918;-0.0019048;-0.0010411
1.006.500;-0.005281;0.00090781;-0.0049963;-0.0041709;-0.0036009
1.007.000;-0.0047845;-0.0011493;0.001115;-0.0043518;-0.0045528
1.007.500;-0.0059028;-0.00057359;0.001809;-0.0034146;-0.0045542
1.008.000;-0.0074402;0.0022818;-0.0051933;-0.001789;-0.0047552
1.008.500;-0.0064868;-9.87E-01;-0.0023715;0.0012206;-0.0043489
1.009.000;-0.0062174;-0.0037049;0.00092264;0.0015438;-0.0024691
1.009.500;-0.0076437;-0.0041384;-0.0041863;-0.0022073;-0.0010351
1.010.000;-0.0045153;-0.0045499;-0.0053892;-0.0037689;-0.0055648
1.010.500;-0.0022144;-0.0028621;-0.0027431;-0.0040609;-0.0093341
1.011.000;-0.0057963;0.0031621;-0.0011409;-0.0045157;-0.0053497
1.011.500;-0.0060877;0.0089036;0.00032517;0.00036759;0.00028979
1.012.000;-0.0031984;0.0087088;0.00064735;0.0041679;0.0013136
1.012.500;-0.0022333;0.0018929;-0.0013069;-0.00061803;-0.0032406
1.013.000;-0.0030329;-0.00046586;-0.0026705;-0.0030688;-0.0041996
1.013.500;-0.0056698;0.00099385;-0.0028557;-0.0017243;-0.002544
1.014.000;-0.0092492;-0.00121;-0.0035128;-0.002446;-0.0047312
1.014.500;-0.0072859;-0.0018371;-0.0056261;-0.0027635;-0.0046124
1.015.000;-0.0027555;6.05E-01;-0.0066742;-0.0019727;-0.0014288
1.015.500;-0.004599;0.00015743;-0.0031904;-0.0020254;-0.00066202
1.016.000;-0.005412;-0.00075121;-9.08E-01;-0.0021935;-0.0023973
1.016.500;-0.0032634;-0.0020639;-0.00061182;-0.0034703;-0.0035946
1.017.000;-0.004982;-0.004454;-0.0032535;-0.0077414;-0.0012707
1.017.500;-0.0070796;-0.0059822;-0.0053969;-0.0077876;-0.0015871
1.018.000;-0.005997;-0.0046063;-0.0042131;-0.0019894;-0.0051349
1.018.500;-0.0030107;-3.27E-01;0.001406;0.00089423;-0.0028929
1.019.000;9.24E-02;0.0047988;0.0039708;0.0021373;0.001486
1.019.500;0.0014337;0.0069061;0.00034461;0.0033316;0.0025525
1.020.000;0.00019029;0.0051824;-0.0015064;0.00036432;0.00012508
