Wavelength [nm];6.25 um;12.5 um;25 um;50 um
183.000;0.092671;0.1463;-0.097205;0.031633
183.500;0.045693;0.10932;0.12997;0.17504
184.000;0.090416;0.1391;0.20162;0.21957
184.500;0.18596;0.18128;0.11762;0.18147
185.000;0.15514;0.076406;-0.0092586;0.11209
185.500;0.032756;0.01158;-0.0018892;0.14481
186.000;0.083609;0.29229;0.32995;0.39772
186.500;0.15364;0.33922;0.46471;0.52985
187.000;0.18887;0.0098911;0.17484;0.42579
187.500;0.044774;-0.11724;-0.059816;0.18915
188.000;-0.084859;0.1967;0.036427;0.14984
188.500;-0.00072854;0.37014;0.33741;0.33747
189.000;0.15186;0.27636;0.52228;0.37732
189.500;0.22291;0.19857;0.2497;0.094184
190.000;0.10385;0.079217;0.024627;-0.031351
190.500;-0.10619;-0.028786;-0.027376;0.13716
191.000;-0.10084;0.095684;0.12059;0.34581
191.500;0.063284;0.23083;0.28978;0.33605
192.000;0.32588;0.15872;0.35338;0.35649
192.500;0.442;0.099278;0.26781;0.37648
193.000;0.16537;0.15002;0.0912;0.35446
193.500;0.073786;0.21212;0.032861;0.33598
194.000;0.17014;0.18659;0.085193;0.31722
194.500;0.22032;0.12716;0.11243;0.25171
195.000;0.17291;0.096367;0.12528;0.1686
195.500;0.068193;0.14496;0.17138;0.10711
196.000;0.062857;0.21927;0.2232;0.15022
196.500;0.1404;0.22334;0.19364;0.21956
197.000;0.11463;0.20007;0.074405;0.11807
197.500;0.034871;0.10156;-0.047092;-0.026089
198.000;0.071545;-0.044274;-0.0014702;0.014829
198.500;0.18056;-0.061488;0.21547;0.15375
199.000;0.21713;0.014334;0.50824;0.21998
199.500;0.067791;0.005513;0.37599;0.14763
200.000;-0.050957;-0.023166;0.13043;0.067866
200.500;0.086553;0.14435;0.17939;0.14432
201.000;0.2302;0.28175;0.28445;0.18451
201.500;0.062349;0.053477;0.19087;0.024299
202.000;0.012899;-0.16793;0.089144;-0.060978
202.500;0.17429;-0.1837;0.095665;-0.019279
203.000;0.091865;-0.11602;0.053804;-0.11982
203.500;-0.036128;0.01368;0.0205;-0.19787
204.000;0.10775;0.048616;0.11473;-0.011424
204.500;0.14611;0.047061;0.16733;0.12919
205.000;-0.0068925;0.052929;0.1114;0.08604
205.500;-0.090981;-0.028546;-0.01833;0.13452
206.000;-0.094953;-0.13215;-0.13299;0.23783
206.500;-0.096479;-0.093319;-0.10605;0.0092091
207.000;-0.074547;-0.060524;0.0006924;-0.048199
207.500;-0.025736;-0.097433;0.11316;0.16446
208.000;-0.04043;0.016493;0.20969;0.33113
208.500;-0.075304;0.24361;0.29572;0.22983
209.000;-0.021857;0.14588;0.50295;0.12586
209.500;0.14166;-0.086997;0.7414;0.1212
210.000;0.18193;-0.064451;0.37261;0.29584
210.500;0.21226;0.033289;0.22097;0.43156
211.000;0.29491;0.11863;0.20075;0.43167
211.500;0.28165;0.19107;0.25634;0.33574
212.000;0.17536;0.18084;0.29565;0.21328
212.500;0.058402;0.013388;0.16009;0.11102
213.000;0.01304;-0.076216;0.074757;0.14273
213.500;0.086516;0.058641;0.19124;0.3502
214.000;0.15216;0.22996;0.25786;0.40999
214.500;0.13614;0.27234;0.17908;0.25306
215.000;-0.02809;0.031382;-0.021735;0.0042314
215.500;-0.24525;-0.25204;-0.20131;-0.15268
216.000;-0.23938;-0.2354;-0.10305;0.079301
216.500;-0.0675;-0.040117;0.066619;0.37904
217.000;0.11555;0.15386;0.14568;0.36205
217.500;0.11894;0.15506;0.17036;0.20618
218.000;-0.0081822;-0.028913;0.095646;0.051937
218.500;-0.097151;-0.22245;-0.093004;-0.0011179
219.000;-0.087365;-0.20679;-0.10062;0.15027
219.500;0.006998;0.021454;0.11789;0.40608
220.000;0.15467;0.17813;0.26917;0.37631
220.500;0.22827;0.12843;0.19614;0.21337
221.000;-0.033657;-0.10394;-0.084513;0.068182
221.500;-0.19214;-0.18784;-0.22041;0.0060078
222.000;0.11128;0.17816;0.075653;0.11138
222.500;0.15796;0.27404;0.19712;0.08602
223.000;-0.077717;0.015878;0.057265;0.028683
223.500;-0.1059;-0.066157;0.07204;0.34793
224.000;0.05164;-0.040995;0.12154;10.474
224.500;0.2092;-0.084262;-0.013568;0.2961
225.000;0.23559;-0.10958;-0.062195;0.065307
225.500;0.13955;-0.044933;0.060649;0.14108
226.000;0.092167;0.13339;0.25452;0.26927
226.500;0.083374;0.2526;0.31293;0.28718
227.000;0.065374;0.086832;0.15658;0.20639
227.500;0.095903;5.28E-01;0.044756;0.19783
228.000;0.18706;0.11599;0.073524;0.34613
228.500;0.14317;0.1461;0.16279;0.42803
229.000;0.055667;0.059876;0.22102;0.36108
229.500;0.12081;0.083824;0.17584;0.33986
230.000;0.19346;0.11665;0.10386;0.349
230.500;0.095077;0.044009;0.074557;0.30979
231.000;0.11694;0.073302;0.15874;0.17807
231.500;0.24982;0.1991;0.28559;0.11116
232.000;0.12643;0.16494;0.29812;0.18087
232.500;-0.088516;0.0092923;0.19791;0.42189
233.000;-0.059466;-0.014037;0.11821;0.46201
233.500;0.099082;0.15647;0.094195;0.40348
234.000;0.17436;0.3548;0.10922;0.44508
234.500;0.14106;0.1931;0.21399;0.43241
235.000;0.075728;0.0021357;0.39467;0.38168
235.500;0.093213;0.157;0.31589;0.39242
236.000;0.12822;0.36943;0.25821;0.34547
236.500;0.12347;0.1722;0.39527;0.23109
237.000;0.15858;0.11221;0.38085;0.29947
237.500;0.20248;0.22136;0.23825;0.5409
238.000;0.1493;0.22684;0.23864;0.60481
238.500;0.087207;0.048606;0.30371;0.51043
239.000;0.16832;-0.1261;0.2351;0.48564
239.500;0.25451;-0.033038;0.13972;0.26119
240.000;0.24995;0.3728;0.12609;0.1094
240.500;0.32215;0.47958;0.1988;0.25402
241.000;0.32389;0.21507;0.31009;0.52531
241.500;0.063944;0.079327;0.35085;0.21765
242.000;-0.042197;0.064858;0.29957;0.071229
242.500;0.13631;0.15008;0.28259;0.33761
243.000;0.31063;0.24144;0.40104;0.5511
243.500;0.32658;0.2978;0.61816;0.46273
244.000;0.23982;0.27983;0.6437;0.36197
244.500;0.16069;0.19993;0.41961;0.3035
245.000;0.12956;0.10893;0.18984;0.29786
245.500;0.13961;0.13749;0.18314;0.44548
246.000;0.17523;0.27008;0.42395;0.7305
246.500;0.21066;0.24387;0.59665;0.65679
247.000;0.20064;0.16411;0.50205;0.53527
247.500;0.13599;0.19459;0.36205;0.71338
248.000;0.11646;0.23543;0.29358;0.88891
248.500;0.17095;0.23086;0.32166;0.69053
249.000;0.22396;0.25349;0.48258;0.54473
249.500;0.19935;0.23853;0.54017;0.5192
250.000;0.10128;0.11133;0.28235;0.56375
250.500;0.077519;0.083754;0.19243;0.7618
251.000;0.18793;0.2343;0.40545;0.96549
251.500;0.26003;0.3006;0.5521;0.89671
252.000;0.26853;0.27622;0.56469;0.80659
252.500;0.24916;0.25796;0.58782;0.85631
253.000;0.25257;0.26708;0.62142;0.99819
253.500;0.27912;0.29281;0.64683;11.613
254.000;0.27935;0.3102;0.66972;12.061
254.500;0.26387;0.31282;0.67949;11.651
255.000;0.27019;0.30644;0.66074;11.863
255.500;0.27995;0.30235;0.65407;12.648
256.000;0.27418;0.30681;0.68578;13.538
256.500;0.27241;0.31462;0.72057;13.753
257.000;0.27976;0.3211;0.73107;13.359
257.500;0.28219;0.32441;0.71866;1.335
258.000;0.28154;0.32524;0.70741;13.615
258.500;0.28529;0.32544;0.71802;13.637
259.000;0.28821;0.32751;0.72616;13.488
259.500;0.2864;0.33136;0.71902;13.424
260.000;0.28299;0.33271;0.71989;13.713
260.500;0.28033;0.33244;0.7272;14.185
261.000;0.27944;0.33465;0.72225;14.288
261.500;0.27975;0.33726;0.71316;14.083
262.000;0.27959;0.33754;0.71045;13.867
262.500;0.27584;0.33607;0.70971;13.835
263.000;0.27024;0.33371;0.70567;13.989
263.500;0.26845;0.33106;0.6956;14.146
264.000;0.26815;0.32882;0.68715;14.081
264.500;0.26536;0.32743;0.6874;13.725
265.000;0.26282;0.32634;0.68828;13.476
265.500;0.26147;0.32427;0.68277;13.448
266.000;0.25818;0.31957;0.67006;13.385
266.500;0.25365;0.31434;0.65583;13.204
267.000;0.25046;0.31179;0.64659;1.296
267.500;0.24798;0.30941;0.63847;12.725
268.000;0.24496;0.30469;0.62754;1.252
268.500;0.24072;0.298;0.61455;12.297
269.000;0.23595;0.29119;0.60131;12.052
269.500;0.23219;0.28643;0.58954;11.814
270.000;0.22884;0.28221;0.57753;11.571
270.500;0.22505;0.27666;0.56368;1.13
271.000;0.22167;0.27085;0.5502;10.999
271.500;0.2186;0.26534;0.53828;10.707
272.000;0.21439;0.25944;0.52691;10.488
272.500;0.20987;0.25319;0.51461;10.273
273.000;0.20655;0.24709;0.50067;0.99868
273.500;0.20349;0.24141;0.48764;0.97094
274.000;0.19984;0.23626;0.47643;0.94872
274.500;0.19585;0.23155;0.46456;0.92785
275.000;0.19233;0.2271;0.4525;0.90644
275.500;0.19016;0.22268;0.44254;0.88504
276.000;0.18826;0.21802;0.43364;0.86596
276.500;0.18551;0.21317;0.4244;0.84937
277.000;0.18225;0.20902;0.41498;0.83021
277.500;0.1794;0.20587;0.40626;0.8099
278.000;0.17794;0.20327;0.39933;0.79512
278.500;0.17634;0.20008;0.39195;0.78247
279.000;0.17301;0.19556;0.38229;0.76678
279.500;0.17008;0.19129;0.37448;0.75103
280.000;0.16871;0.18833;0.36973;0.73699
280.500;0.1678;0.1863;0.36405;0.72302
281.000;0.16639;0.18436;0.35738;0.71027
281.500;0.16404;0.18177;0.35171;0.7004
282.000;0.16168;0.17914;0.34651;0.68997
282.500;0.16025;0.17708;0.34144;0.67781
283.000;0.15994;0.17562;0.33748;0.6684
283.500;0.1595;0.17413;0.33415;0.66149
284.000;0.15723;0.17179;0.33003;0.65347
284.500;0.15512;0.16953;0.32566;0.64452
285.000;0.15475;0.16805;0.32179;0.63607
285.500;0.15371;0.1662;0.31811;0.62936
286.000;0.15166;0.16428;0.31495;0.62423
286.500;0.15062;0.16401;0.31324;0.61943
287.000;0.15024;0.16399;0.31158;0.61451
287.500;0.14943;0.1625;0.30859;0.60955
288.000;0.14859;0.16124;0.30607;0.60535
288.500;0.14816;0.16118;0.30504;0.60296
289.000;0.14823;0.16149;0.30468;0.60323
289.500;0.1481;0.16102;0.30373;0.60243
290.000;0.14705;0.1592;0.30151;0.5968
290.500;0.14604;0.15819;0.30011;0.59296
291.000;0.1458;0.1592;0.30083;0.59449
291.500;0.146;0.16077;0.30238;0.59636
292.000;0.14635;0.16167;0.30326;0.59667
292.500;0.14661;0.16128;0.30249;0.59641
293.000;0.14647;0.16063;0.30173;0.59622
293.500;0.14595;0.16076;0.30248;0.59668
294.000;0.14577;0.16166;0.30426;0.59857
294.500;0.14603;0.1629;0.30592;0.60124
295.000;0.14627;0.16389;0.3063;0.60299
295.500;0.14638;0.16459;0.30661;0.60454
296.000;0.14642;0.16522;0.30812;0.60689
296.500;0.1463;0.16603;0.30966;0.60906
297.000;0.14618;0.16682;0.31041;0.61106
297.500;0.14647;0.16703;0.31054;0.61427
298.000;0.14699;0.16738;0.31151;0.61791
298.500;0.14738;0.16877;0.31452;0.62061
299.000;0.14759;0.17023;0.31729;0.62315
299.500;0.14788;0.17099;0.31836;0.626
300.000;0.14877;0.17125;0.31874;0.62842
300.500;0.14953;0.17149;0.31951;0.63093
301.000;0.14904;0.17215;0.32126;0.63433
301.500;0.14842;0.17283;0.32268;0.63634
302.000;0.14852;0.17317;0.32287;0.63591
302.500;0.14845;0.17328;0.32285;0.63626
303.000;0.1482;0.17353;0.32347;0.63824
303.500;0.1485;0.17433;0.32503;0.64031
304.000;0.14902;0.17513;0.32635;0.64157
304.500;0.14924;0.17539;0.32644;0.6417
305.000;0.14939;0.17549;0.32635;0.6411
305.500;0.14947;0.17569;0.32652;0.64045
306.000;0.14914;0.17591;0.32638;0.64047
306.500;0.14873;0.17604;0.32607;0.6411
307.000;0.14864;0.17601;0.32591;0.64148
307.500;0.14856;0.1759;0.32542;0.63951
308.000;0.14824;0.17563;0.32451;0.63583
308.500;0.14783;0.17492;0.32379;0.63496
309.000;0.14753;0.17429;0.32314;0.63546
309.500;0.14744;0.17443;0.32203;0.63311
310.000;0.1472;0.17422;0.3207;0.62982
310.500;0.14665;0.1731;0.31951;0.6277
311.000;0.1462;0.17245;0.31861;0.62597
311.500;0.14589;0.17223;0.31759;0.62373
312.000;0.14534;0.17126;0.31571;0.62031
312.500;0.14453;0.17012;0.31362;0.61608
313.000;0.14359;0.16947;0.31185;0.61154
313.500;0.14281;0.16851;0.30952;0.60673
314.000;0.14234;0.16714;0.30656;0.60168
314.500;0.14208;0.16612;0.30385;0.59646
315.000;0.14145;0.16482;0.30115;0.59073
315.500;0.13998;0.16252;0.2979;0.58412
316.000;0.13851;0.16044;0.29437;0.57694
316.500;0.13762;0.15911;0.29083;0.56955
317.000;0.13718;0.15759;0.28731;0.56215
317.500;0.13643;0.15551;0.28362;0.55437
318.000;0.13468;0.15301;0.27956;0.5459
318.500;0.13306;0.15077;0.27544;0.5381
319.000;0.13232;0.14896;0.27124;0.53078
319.500;0.1316;0.14668;0.26622;0.52075
320.000;0.13036;0.14408;0.26096;0.50959
320.500;0.12856;0.142;0.2567;0.50135
321.000;0.12684;0.13996;0.25241;0.49357
321.500;0.12569;0.13758;0.24728;0.4838
322.000;0.12486;0.13565;0.2426;0.47416
322.500;0.12398;0.13388;0.23855;0.46551
323.000;0.12273;0.13107;0.23414;0.45704
323.500;0.12121;0.12819;0.22962;0.4484
324.000;0.11976;0.1264;0.22552;0.43948
324.500;0.1187;0.1249;0.22178;0.43014
325.000;0.11775;0.12303;0.21782;0.42097
325.500;0.11607;0.12078;0.21289;0.41323
326.000;0.11436;0.1182;0.20799;0.40611
326.500;0.11361;0.11553;0.20434;0.39833
327.000;0.1127;0.11372;0.20063;0.3905
327.500;0.11128;0.1128;0.19651;0.38329
328.000;0.1107;0.11129;0.19361;0.37696
328.500;0.11044;0.10925;0.1912;0.37075
329.000;0.10917;0.10756;0.18752;0.36367
329.500;0.10811;0.10601;0.18364;0.35662
330.000;0.1079;0.10448;0.18071;0.35062
330.500;0.10687;0.10357;0.17852;0.34596
331.000;0.10528;0.10277;0.17626;0.34182
331.500;0.10474;0.10102;0.1731;0.33691
332.000;0.10432;0.099279;0.17031;0.33151
332.500;0.10312;0.09838;0.1688;0.32648
333.000;0.10237;0.097379;0.16712;0.32265
333.500;0.10253;0.096219;0.16494;0.31956
334.000;0.10295;0.095748;0.16316;0.31573
334.500;0.10257;0.095306;0.16156;0.31162
335.000;0.10099;0.094217;0.15969;0.30816
335.500;0.099967;0.093603;0.15794;0.30535
336.000;0.099883;0.093294;0.15635;0.30271
336.500;0.09924;0.091538;0.15446;0.29953
337.000;0.09855;0.089853;0.15287;0.29625
337.500;0.098773;0.090203;0.15223;0.29362
338.000;0.09845;0.089859;0.15115;0.29111
338.500;0.097307;0.087994;0.14936;0.28875
339.000;0.09736;0.087775;0.14867;0.28755
339.500;0.097621;0.088388;0.14831;0.28654
340.000;0.096038;0.087221;0.1465;0.28404
340.500;0.094977;0.086084;0.14488;0.28141
341.000;0.095739;0.086274;0.14443;0.27953
341.500;0.09567;0.086034;0.14337;0.27697
342.000;0.094771;0.085054;0.14192;0.27418
342.500;0.09492;0.084296;0.14171;0.27271
343.000;0.094813;0.083923;0.14152;0.27116
343.500;0.093525;0.083797;0.14023;0.26855
344.000;0.093274;0.083757;0.13915;0.26698
344.500;0.094074;0.083386;0.13852;0.26649
345.000;0.093742;0.082222;0.13745;0.26506
345.500;0.092493;0.081157;0.13614;0.26293
346.000;0.091538;0.081105;0.13518;0.26114
346.500;0.091893;0.081536;0.13501;0.2601
347.000;0.092877;0.081712;0.13519;0.25939
347.500;0.092226;0.081061;0.13451;0.25794
348.000;0.090861;0.080104;0.13349;0.25649
348.500;0.090638;0.079631;0.13307;0.25602
349.000;0.090785;0.079439;0.13246;0.25504
349.500;0.090502;0.079278;0.13147;0.2532
350.000;0.089769;0.079029;0.13104;0.25225
350.500;0.088251;0.077423;0.12936;0.24932
351.000;0.086362;0.074064;0.12494;0.24205
351.500;0.086915;0.073302;0.12331;0.23926
352.000;0.089475;0.075899;0.12578;0.24293
352.500;0.089512;0.077877;0.1277;0.24562
353.000;0.087179;0.077785;0.12734;0.24456
353.500;0.086017;0.076041;0.12515;0.24068
354.000;0.085986;0.074476;0.12298;0.2368
354.500;0.085981;0.074184;0.12208;0.23476
355.000;0.085866;0.073932;0.12166;0.23355
355.500;0.085517;0.073312;0.12085;0.23198
356.000;0.084807;0.072798;0.11918;0.22927
356.500;0.084298;0.072135;0.11754;0.22631
357.000;0.08441;0.071202;0.11679;0.22416
357.500;0.084532;0.070958;0.11647;0.22277
358.000;0.08429;0.071188;0.1157;0.22113
358.500;0.083763;0.070422;0.11365;0.21768
359.000;0.083065;0.069134;0.11151;0.21403
359.500;0.08236;0.068369;0.11064;0.21205
360.000;0.081924;0.067859;0.10975;0.20967
360.500;0.081715;0.067233;0.10826;0.20617
361.000;0.081285;0.066344;0.10702;0.20336
361.500;0.08058;0.065246;0.10564;0.20103
362.000;0.079822;0.064198;0.10346;0.1981
362.500;0.079333;0.063854;0.10206;0.19528
363.000;0.079215;0.063977;0.1018;0.19289
363.500;0.079158;0.0629;0.10047;0.19004
364.000;0.078847;0.061253;0.098349;0.18696
364.500;0.07811;0.060831;0.09719;0.18454
365.000;0.077322;0.060732;0.096371;0.18217
365.500;0.076835;0.059893;0.095108;0.1794
366.000;0.076626;0.05858;0.093705;0.17672
366.500;0.076499;0.057588;0.092411;0.17451
367.000;0.076195;0.057662;0.09129;0.17271
367.500;0.075714;0.057622;0.09036;0.17068
368.000;0.075196;0.056591;0.089453;0.16809
368.500;0.074843;0.055967;0.087997;0.16571
369.000;0.074447;0.055878;0.086192;0.16354
369.500;0.073544;0.055066;0.084961;0.16087
370.000;0.072983;0.054079;0.084329;0.15849
370.500;0.073428;0.053789;0.083792;0.15712
371.000;0.073255;0.053487;0.082547;0.1553
371.500;0.07233;0.05286;0.080876;0.15284
372.000;0.072532;0.052385;0.080253;0.15136
372.500;0.073085;0.052127;0.080278;0.15051
373.000;0.072478;0.051902;0.079882;0.14921
373.500;0.071754;0.051536;0.079256;0.14771
374.000;0.071519;0.051036;0.078491;0.14617
374.500;0.071051;0.050637;0.077246;0.14433
375.000;0.070653;0.050329;0.076247;0.14275
375.500;0.070937;0.049968;0.07633;0.14211
376.000;0.070945;0.049525;0.076011;0.14136
376.500;0.070223;0.04913;0.074699;0.13994
377.000;0.06977;0.049075;0.074136;0.13883
377.500;0.069674;0.048844;0.074246;0.13803
378.000;0.069382;0.047761;0.073804;0.13695
378.500;0.068947;0.047248;0.073207;0.13587
379.000;0.068644;0.048016;0.072885;0.13515
379.500;0.068776;0.048269;0.072401;0.13474
380.000;0.06895;0.04768;0.071606;0.13446
380.500;0.068418;0.047221;0.070738;0.13402
381.000;0.067795;0.046868;0.070467;0.13293
381.500;0.06777;0.046539;0.070965;0.13132
382.000;0.06796;0.046808;0.070879;0.13079
382.500;0.068046;0.047175;0.070327;0.13124
383.000;0.067946;0.046378;0.070723;0.13095
383.500;0.067692;0.045595;0.0711;0.13003
384.000;0.067321;0.045983;0.070215;0.12918
384.500;0.066775;0.045857;0.068916;0.1287
385.000;0.066312;0.044872;0.068091;0.12851
385.500;0.066435;0.044595;0.068141;0.1283
386.000;0.066758;0.045317;0.068685;0.12828
386.500;0.066739;0.046414;0.069103;0.12864
387.000;0.06667;0.046511;0.069133;0.12858
387.500;0.066684;0.045656;0.069024;0.12811
388.000;0.066541;0.045683;0.069467;0.12841
388.500;0.066427;0.046218;0.069823;0.12895
389.000;0.066539;0.045941;0.069234;0.12856
389.500;0.066095;0.04509;0.069047;0.12736
390.000;0.065158;0.044453;0.069731;0.12621
390.500;0.065361;0.044941;0.069606;0.12652
391.000;0.066032;0.045683;0.068952;0.12785
391.500;0.065513;0.045206;0.069125;0.1287
392.000;0.065104;0.044666;0.069749;0.12856
392.500;0.065466;0.044915;0.070001;0.1278
393.000;0.064925;0.045094;0.069234;0.12776
393.500;0.064027;0.04504;0.068326;0.12847
394.000;0.064595;0.045166;0.068827;0.1291
394.500;0.065563;0.045498;0.069949;0.12952
395.000;0.065678;0.045791;0.070521;0.12974
395.500;0.065132;0.045531;0.070109;0.12955
396.000;0.064488;0.044926;0.069311;0.12931
396.500;0.064396;0.044753;0.069353;0.12973
397.000;0.064749;0.044981;0.069944;0.13044
397.500;0.065166;0.045387;0.070355;0.13091
398.000;0.065338;0.046019;0.070259;0.13127
398.500;0.065191;0.046551;0.070204;0.13157
399.000;0.064894;0.046409;0.071223;0.13174
399.500;0.064862;0.045991;0.072219;0.13216
400.000;0.065226;0.045862;0.072016;0.13299
400.500;0.065088;0.045932;0.071708;0.13315
401.000;0.064462;0.045981;0.071881;0.13281
401.500;0.064466;0.045792;0.072112;0.13353
402.000;0.064726;0.045431;0.072285;0.13433
402.500;0.064487;0.045191;0.07245;0.13394
403.000;0.064243;0.045629;0.072586;0.13424
403.500;0.064209;0.046478;0.072679;0.13569
404.000;0.064019;0.046521;0.072757;0.13631
404.500;0.064018;0.046045;0.072979;0.13624
405.000;0.06457;0.045982;0.073443;0.13661
405.500;0.064691;0.046472;0.073815;0.13749
406.000;0.064304;0.04732;0.074143;0.13848
406.500;0.064803;0.048128;0.075043;0.13903
407.000;0.065729;0.048483;0.075937;0.13929
407.500;0.065761;0.048104;0.075795;0.13968
408.000;0.065063;0.047494;0.074987;0.13963
408.500;0.064219;0.047081;0.074342;0.13913
409.000;0.063762;0.046738;0.074628;0.13943
409.500;0.063785;0.046626;0.075384;0.14029
410.000;0.064035;0.047036;0.075612;0.14055
410.500;0.064136;0.047673;0.075976;0.14063
411.000;0.063913;0.048001;0.076793;0.14111
411.500;0.063622;0.047446;0.076893;0.14202
412.000;0.063644;0.046899;0.076675;0.1432
412.500;0.064245;0.047839;0.077442;0.14431
413.000;0.064857;0.048832;0.077998;0.14491
413.500;0.064924;0.04861;0.077514;0.14486
414.000;0.06437;0.04801;0.077425;0.1447
414.500;0.063715;0.047771;0.077984;0.14484
415.000;0.063771;0.048163;0.078215;0.14537
415.500;0.063772;0.048456;0.078228;0.14592
416.000;0.06315;0.04817;0.078415;0.14629
416.500;0.063143;0.048207;0.078767;0.14701
417.000;0.063826;0.048877;0.079325;0.14807
417.500;0.064044;0.049664;0.080134;0.1489
418.000;0.063953;0.049756;0.080548;0.14925
418.500;0.063919;0.048777;0.08005;0.14903
419.000;0.063382;0.047908;0.079276;0.1484
419.500;0.062586;0.048034;0.079146;0.14819
420.000;0.062706;0.049095;0.080325;0.14964
420.500;0.06342;0.050009;0.081632;0.15165
421.000;0.063879;0.049912;0.081847;0.15265
421.500;0.063732;0.04955;0.081821;0.15268
422.000;0.063242;0.049495;0.082002;0.15244
422.500;0.063269;0.049789;0.082003;0.15312
423.000;0.06377;0.050253;0.082249;0.15429
423.500;0.064171;0.050534;0.083116;0.15491
424.000;0.063877;0.049979;0.083263;0.15454
424.500;0.062996;0.048845;0.082336;0.15348
425.000;0.062629;0.048745;0.081897;0.15289
425.500;0.062672;0.04925;0.082144;0.15307
426.000;0.062394;0.049028;0.082428;0.15376
426.500;0.062074;0.048859;0.082807;0.15489
427.000;0.062216;0.049443;0.083358;0.15615
427.500;0.063137;0.050503;0.08394;0.157
428.000;0.063748;0.051072;0.084268;0.15714
428.500;0.062698;0.050236;0.084116;0.15658
429.000;0.061663;0.049369;0.084038;0.15624
429.500;0.061883;0.049509;0.08429;0.15678
430.000;0.062048;0.049724;0.084229;0.15769
430.500;0.061947;0.049783;0.084247;0.15857
431.000;0.06217;0.049993;0.085156;0.15917
431.500;0.062363;0.050034;0.085785;0.15934
432.000;0.062079;0.049666;0.085335;0.15916
432.500;0.061322;0.04923;0.084925;0.15918
433.000;0.06089;0.049352;0.085306;0.16001
433.500;0.061707;0.050468;0.086483;0.16187
434.000;0.062488;0.051307;0.087365;0.16342
434.500;0.062324;0.051116;0.087378;0.16383
435.000;0.062299;0.051077;0.087484;0.16406
435.500;0.06245;0.051375;0.087911;0.16462
436.000;0.061905;0.051247;0.08815;0.16541
436.500;0.061635;0.051255;0.088525;0.16616
437.000;0.062354;0.051852;0.089304;0.16682
437.500;0.062666;0.052101;0.089903;0.16771
438.000;0.062329;0.0518;0.090256;0.16891
438.500;0.062326;0.0516;0.090819;0.17018
439.000;0.062534;0.051864;0.091372;0.17137
439.500;0.06243;0.05246;0.091574;0.17236
440.000;0.061706;0.052381;0.091488;0.17302
440.500;0.061195;0.052143;0.091855;0.17419
441.000;0.06244;0.05354;0.09368;0.17718
441.500;0.063991;0.055175;0.095624;0.17993
442.000;0.064207;0.055437;0.096321;0.18064
442.500;0.063725;0.05516;0.096255;0.18104
443.000;0.063163;0.054953;0.096226;0.18213
443.500;0.062774;0.05479;0.097012;0.18348
444.000;0.062715;0.055032;0.098019;0.18501
444.500;0.063038;0.055912;0.098551;0.18684
445.000;0.063688;0.056749;0.099612;0.18893
445.500;0.064297;0.057212;0.10124;0.191
446.000;0.064229;0.057547;0.10209;0.19255
446.500;0.063851;0.057734;0.1023;0.19381
447.000;0.063834;0.057726;0.10275;0.19536
447.500;0.063945;0.057966;0.10367;0.19759
448.000;0.064076;0.058695;0.10509;0.20025
448.500;0.064517;0.059704;0.10692;0.20255
449.000;0.065065;0.060635;0.10867;0.20477
449.500;0.065363;0.061165;0.10982;0.20746
450.000;0.065505;0.061254;0.11056;0.20981
450.500;0.065603;0.061295;0.11142;0.21174
451.000;0.065661;0.062137;0.11317;0.21466
451.500;0.065755;0.063446;0.11515;0.21816
452.000;0.065977;0.064347;0.11628;0.22105
452.500;0.066282;0.064911;0.11751;0.22383
453.000;0.06659;0.065436;0.11938;0.22695
453.500;0.066837;0.066163;0.12105;0.23006
454.000;0.067112;0.067052;0.12258;0.23321
454.500;0.067544;0.067947;0.12448;0.23677
455.000;0.068003;0.068956;0.12645;0.24075
455.500;0.068357;0.070034;0.12821;0.24491
456.000;0.068593;0.070809;0.12994;0.24878
456.500;0.068802;0.071443;0.13179;0.25253
457.000;0.069221;0.072449;0.1339;0.25672
457.500;0.070471;0.074157;0.13659;0.26187
458.000;0.072245;0.076148;0.13959;0.26754
458.500;0.072651;0.07694;0.14161;0.27176
459.000;0.072037;0.077127;0.14313;0.27493
459.500;0.072222;0.07847;0.14558;0.27894
460.000;0.072894;0.079973;0.14823;0.28376
460.500;0.07333;0.080704;0.15035;0.28882
461.000;0.073471;0.081668;0.15265;0.29372
461.500;0.073559;0.08297;0.15536;0.29891
462.000;0.07403;0.084093;0.15835;0.3054
462.500;0.075359;0.086056;0.16202;0.313
463.000;0.077321;0.088951;0.16616;0.32051
463.500;0.078656;0.090682;0.16958;0.32639
464.000;0.079211;0.091408;0.17238;0.33143
464.500;0.079572;0.092773;0.1753;0.33742
465.000;0.080006;0.094489;0.17841;0.34376
465.500;0.080521;0.095947;0.18152;0.34969
466.000;0.080827;0.09747;0.18445;0.35619
466.500;0.0811;0.099178;0.1875;0.36322
467.000;0.08188;0.10092;0.19122;0.36976
467.500;0.083115;0.10283;0.19551;0.37694
468.000;0.084462;0.10492;0.1998;0.38538
468.500;0.085502;0.10673;0.20328;0.3929
469.000;0.086007;0.10802;0.20623;0.39938
469.500;0.086002;0.10883;0.20968;0.40656
470.000;0.086407;0.11041;0.2138;0.41446
470.500;0.087732;0.11345;0.21825;0.42245
471.000;0.088716;0.1162;0.22285;0.43081
471.500;0.089358;0.11802;0.22749;0.4398
472.000;0.090786;0.11955;0.23208;0.44927
472.500;0.092326;0.12168;0.23659;0.45872
473.000;0.093213;0.12473;0.24115;0.46777
473.500;0.094128;0.12752;0.246;0.47653
474.000;0.095246;0.12956;0.25099;0.48533
474.500;0.096077;0.13129;0.25548;0.49442
475.000;0.0969;0.13351;0.26002;0.50421
475.500;0.098104;0.13659;0.26523;0.51483
476.000;0.09947;0.1395;0.27039;0.52542
476.500;0.10075;0.14189;0.27547;0.53568
477.000;0.10185;0.14428;0.28115;0.54601
477.500;0.10321;0.14707;0.28711;0.55723
478.000;0.10513;0.15033;0.29279;0.56928
478.500;0.10699;0.1537;0.29836;0.57994
479.000;0.10843;0.15669;0.30406;0.58972
479.500;0.10948;0.1588;0.30982;0.60169
480.000;0.11055;0.16107;0.31562;0.61433
480.500;0.11196;0.16443;0.32151;0.62547
481.000;0.11329;0.16752;0.32745;0.6373
481.500;0.11448;0.16997;0.33349;0.65078
482.000;0.11594;0.17295;0.33981;0.66434
482.500;0.11777;0.1768;0.34678;0.67718
483.000;0.11988;0.18117;0.35455;0.68971
483.500;0.12204;0.18526;0.36261;0.70456
484.000;0.1236;0.18835;0.36998;0.72069
484.500;0.12392;0.19033;0.3758;0.7334
485.000;0.12597;0.19465;0.38366;0.7487
485.500;0.13135;0.2024;0.39478;0.77001
486.000;0.136;0.20784;0.40383;0.78808
486.500;0.13822;0.21007;0.41012;0.80064
487.000;0.1378;0.21181;0.41591;0.80966
487.500;0.13678;0.21473;0.42316;0.82131
488.000;0.13811;0.21896;0.43166;0.83955
488.500;0.14032;0.22312;0.43986;0.85731
489.000;0.14232;0.22719;0.4481;0.87321
489.500;0.14442;0.23198;0.45704;0.89173
490.000;0.1468;0.23674;0.46657;0.91079
490.500;0.14944;0.2408;0.47647;0.92753
491.000;0.15182;0.24517;0.48587;0.94517
491.500;0.15377;0.25026;0.495;0.96505
492.000;0.15572;0.25523;0.50538;0.98421
492.500;0.15845;0.26027;0.51632;10.035
493.000;0.16214;0.26575;0.52656;10.247
493.500;0.16505;0.27077;0.53626;10.449
494.000;0.16678;0.27542;0.54607;10.635
494.500;0.1686;0.28055;0.55591;10.826
495.000;0.17067;0.28586;0.56632;11.024
495.500;0.17281;0.29081;0.57791;11.225
496.000;0.1758;0.29619;0.58997;11.448
496.500;0.17945;0.30222;0.60185;11.691
497.000;0.18233;0.30811;0.61318;11.914
497.500;0.18475;0.31393;0.62418;12.127
498.000;0.18767;0.32003;0.63549;12.356
498.500;0.19101;0.32632;0.64813;12.595
499.000;0.19425;0.33229;0.66123;12.833
499.500;0.19668;0.33741;0.67198;13.065
500.000;0.199;0.34278;0.68238;13.283
500.500;0.20216;0.34944;0.69532;13.483
501.000;0.20584;0.35604;0.7087;13.718
501.500;0.20919;0.36186;0.72078;13.992
502.000;0.2113;0.3675;0.73191;14.226
502.500;0.21353;0.37315;0.74313;14.439
503.000;0.21721;0.37857;0.75502;14.679
503.500;0.22034;0.38408;0.76737;14.914
504.000;0.22233;0.3901;0.78014;15.136
504.500;0.22489;0.39661;0.79313;1.538
505.000;0.22828;0.40269;0.80498;15.608
505.500;0.23186;0.40767;0.81488;15.781
506.000;0.23496;0.41294;0.82538;15.995
506.500;0.23733;0.41905;0.83738;16.269
507.000;0.23934;0.42505;0.84882;16.475
507.500;0.2419;0.43063;0.85954;1.664
508.000;0.24542;0.4358;0.87012;16.843
508.500;0.24804;0.4406;0.88006;17.017
509.000;0.24944;0.44541;0.88972;17.148
509.500;0.25145;0.4507;0.90021;17.325
510.000;0.25418;0.45561;0.91037;17.564
510.500;0.25693;0.45946;0.919;17.822
511.000;0.25938;0.46426;0.92855;18.009
511.500;0.26159;0.47026;0.93941;18.132
512.000;0.26389;0.47516;0.94886;18.325
512.500;0.26627;0.47907;0.95769;18.541
513.000;0.2686;0.4831;0.96756;1.868
513.500;0.27077;0.48768;0.97692;18.827
514.000;0.27296;0.49262;0.98559;18.977
514.500;0.27555;0.49735;0.99565;19.003
515.000;0.27817;0.50163;10.062;1.915
515.500;0.2803;0.50565;10.154;19.639
516.000;0.28215;0.51024;10.229;19.941
516.500;0.28418;0.51544;10.299;19.865
517.000;0.28687;0.52036;10.387;1.991
517.500;0.28955;0.52513;10.488;2.013
518.000;0.29155;0.53017;10.591;20.367
518.500;0.29382;0.53502;10.702;20.507
519.000;0.29647;0.53945;10.803;20.568
519.500;0.2985;0.54368;10.861;20.707
520.000;0.3006;0.54833;1.094;20.902
520.500;0.30354;0.55377;11.095;21.091
521.000;0.30613;0.55909;11.217;21.356
521.500;0.30819;0.56389;11.282;21.602
522.000;0.31096;0.56875;1.139;21.553
522.500;0.31423;0.57438;11.516;21.566
523.000;0.3173;0.58082;11.605;21.984
523.500;0.31997;0.58617;11.718;2.23
524.000;0.3224;0.5907;11.855;2.238
524.500;0.32494;0.59684;11.942;22.721
525.000;0.32772;0.60352;1.203;2.318
525.500;0.33083;0.60916;12.182;23.404
526.000;0.33442;0.61492;12.336;23.552
526.500;0.33816;0.62136;12.463;23.727
527.000;0.34133;0.628;12.589;23.851
527.500;0.34422;0.63494;12.722;23.881
528.000;0.3473;0.64216;12.855;23.894
528.500;0.35034;0.64897;12.985;24.214
529.000;0.35352;0.65519;13.116;24.824
529.500;0.35736;0.66137;1.326;25.215
530.000;0.36131;0.66826;13.412;25.175
530.500;0.36477;0.6761;13.559;24.939
531.000;0.36808;0.68383;13.692;25.155
531.500;0.37141;0.69089;13.825;25.863
532.000;0.37472;0.69761;13.983;26.366
532.500;0.37822;0.70466;1.416;26.275
533.000;0.38206;0.71239;14.326;25.874
533.500;0.38596;0.72004;14.448;26.079
534.000;0.38956;0.72718;1.455;26.912
534.500;0.39266;0.73388;14.699;27.434
535.000;0.39576;0.74004;14.849;27.191
535.500;0.39918;0.74574;14.946;2.657
536.000;0.40236;0.75195;15.026;26.446
536.500;0.40521;0.75862;15.136;26.794
537.000;0.40801;0.76479;15.304;26.978
537.500;0.41059;0.77052;15.459;26.947
538.000;0.41291;0.77588;15.543;26.997
538.500;0.41549;0.78021;15.613;27.608
539.000;0.41808;0.78398;15.705;28.397
539.500;0.41991;0.78841;15.817;28.139
540.000;0.42104;0.79293;15.919;27.996
540.500;0.42183;0.7963;15.981;28.775
541.000;0.42268;0.7974;15.991;29.014
541.500;0.42344;0.79755;1.599;27.997
542.000;0.42371;0.79907;16.029;2.67
542.500;0.42399;0.80023;1.603;26.387
543.000;0.42435;0.79962;15.967;27.338
543.500;0.42363;0.79848;15.959;28.369
544.000;0.42188;0.79679;15.987;28.461
544.500;0.41993;0.79366;15.945;27.816
545.000;0.41773;0.78977;15.877;27.386
545.500;0.4151;0.7854;15.807;27.403
546.000;0.41209;0.77961;15.664;27.193
546.500;0.40867;0.77275;15.484;27.003
547.000;0.40482;0.76577;15.348;27.374
547.500;0.40076;0.75814;15.218;27.422
548.000;0.39652;0.74933;15.049;26.629
548.500;0.39161;0.73922;14.823;25.771
549.000;0.38594;0.72826;14.599;25.368
549.500;0.3797;0.71707;14.429;25.575
550.000;0.37287;0.70475;14.208;25.634
550.500;0.36571;0.69103;13.907;25.237
551.000;0.35888;0.67708;1.362;25.043
551.500;0.35163;0.66247;13.328;24.898
552.000;0.34305;0.64637;12.983;2.438
552.500;0.33429;0.62943;12.644;23.669
553.000;0.3259;0.61212;12.325;23.065
553.500;0.31722;0.59462;11.986;22.778
554.000;0.30803;0.57696;11.631;22.365
554.500;0.29833;0.55879;1.127;21.483
555.000;0.28858;0.5399;10.892;2.064
555.500;0.27902;0.52048;1.05;19.995
556.000;0.26923;0.50068;10.106;19.388
556.500;0.25918;0.48108;0.971;1.872
557.000;0.24917;0.46211;0.93145;17.978
557.500;0.23933;0.44268;0.89264;17.234
558.000;0.22957;0.42285;0.85428;16.509
558.500;0.21965;0.40389;0.81535;15.792
559.000;0.21001;0.3854;0.77635;15.083
559.500;0.20118;0.36703;0.73862;14.389
560.000;0.19266;0.34932;0.70246;13.685
560.500;0.18408;0.33225;0.66734;12.993
561.000;0.17558;0.31548;0.63281;12.356
561.500;0.16723;0.2993;0.59961;11.738
562.000;0.15898;0.28369;0.56792;11.106
562.500;0.15051;0.26734;0.53608;10.478
563.000;0.14252;0.25113;0.50506;0.98805
563.500;0.13619;0.23733;0.47707;0.93315
564.000;0.13106;0.22646;0.45281;0.88466
564.500;0.12536;0.21628;0.42952;0.83827
565.000;0.11675;0.20173;0.40248;0.7869
565.500;0.10621;0.18341;0.37227;0.73148
566.000;0.097977;0.16772;0.34486;0.68055
566.500;0.094199;0.15859;0.32447;0.63991
567.000;0.093288;0.15379;0.30814;0.60416
567.500;0.090909;0.14706;0.29057;0.56693
568.000;0.086367;0.13784;0.27178;0.5294
568.500;0.081434;0.12892;0.25375;0.49401
569.000;0.07703;0.12068;0.23676;0.46074
569.500;0.073499;0.11308;0.22134;0.43064
570.000;0.069882;0.10548;0.20664;0.40259
570.500;0.06614;0.098228;0.19291;0.37623
571.000;0.062865;0.092161;0.18096;0.35182
571.500;0.059914;0.086727;0.16972;0.3288
572.000;0.057058;0.081254;0.15836;0.30676
572.500;0.054333;0.075633;0.14731;0.28603
573.000;0.052468;0.071161;0.13814;0.268
573.500;0.051829;0.068782;0.13157;0.25311
574.000;0.050213;0.06577;0.12457;0.23863
574.500;0.046817;0.060721;0.11545;0.22232
575.000;0.044273;0.056131;0.10706;0.20616
575.500;0.043038;0.052655;0.10025;0.19193
576.000;0.041916;0.049348;0.093879;0.17944
576.500;0.040786;0.046369;0.088028;0.16842
577.000;0.039764;0.043979;0.082922;0.15852
577.500;0.038981;0.042404;0.078924;0.14997
578.000;0.037936;0.040915;0.075213;0.14223
578.500;0.036262;0.038734;0.070843;0.13441
579.000;0.035184;0.036711;0.066958;0.1271
579.500;0.034853;0.035151;0.063888;0.12067
580.000;0.033923;0.0333;0.06036;0.11428
580.500;0.033128;0.031841;0.057198;0.10847
581.000;0.033485;0.031505;0.055501;0.10409
581.500;0.034052;0.031122;0.053952;0.099968
582.000;0.033735;0.029806;0.05151;0.094985
582.500;0.031705;0.027314;0.047845;0.088477
583.000;0.029314;0.02503;0.044309;0.082052
583.500;0.028521;0.024488;0.042637;0.078167
584.000;0.028604;0.024109;0.04137;0.075109
584.500;0.028532;0.023102;0.039536;0.071546
585.000;0.027723;0.021933;0.037323;0.067565
585.500;0.026747;0.020989;0.035378;0.063854
586.000;0.026227;0.020352;0.034045;0.060947
586.500;0.025862;0.019472;0.032493;0.058195
587.000;0.025711;0.018714;0.031022;0.055765
587.500;0.026117;0.018943;0.030626;0.054376
588.000;0.026826;0.019321;0.030346;0.053158
588.500;0.027226;0.018953;0.029313;0.051109
589.000;0.026388;0.017712;0.0278;0.047839
589.500;0.02468;0.016211;0.026083;0.044123
590.000;0.023506;0.015553;0.024577;0.041658
590.500;0.023221;0.015531;0.023683;0.040149
591.000;0.023364;0.015449;0.023221;0.038773
591.500;0.022962;0.014717;0.022279;0.037128
592.000;0.022415;0.013875;0.021253;0.035596
592.500;0.022626;0.013805;0.021018;0.034768
593.000;0.022921;0.013915;0.020824;0.034018
593.500;0.022874;0.013772;0.020267;0.03303
594.000;0.022881;0.013632;0.019896;0.032284
594.500;0.023161;0.013733;0.019738;0.031805
595.000;0.02354;0.013977;0.019466;0.031218
595.500;0.023068;0.013379;0.018646;0.029748
596.000;0.021944;0.01214;0.017492;0.027724
596.500;0.021824;0.011988;0.017012;0.026857
597.000;0.02213;0.012339;0.016885;0.026573
597.500;0.021718;0.011984;0.016396;0.025617
598.000;0.021111;0.01136;0.015725;0.0243
598.500;0.02061;0.010803;0.015043;0.022945
599.000;0.02002;0.01027;0.014365;0.021662
599.500;0.019362;0.0098039;0.013698;0.020633
600.000;0.018878;0.009516;0.013146;0.020058
600.500;0.019033;0.0095672;0.013024;0.020088
601.000;0.019394;0.009652;0.013033;0.020228
601.500;0.01911;0.0093105;0.012597;0.019774
602.000;0.0193;0.0093967;0.012629;0.019772
602.500;0.020538;0.010297;0.013523;0.020683
603.000;0.021248;0.010782;0.013861;0.020887
603.500;0.020695;0.010239;0.013139;0.019684
604.000;0.019089;0.0088089;0.011741;0.017391
604.500;0.017972;0.0079695;0.010854;0.015852
605.000;0.018115;0.0083466;0.01097;0.015945
605.500;0.017921;0.008145;0.010697;0.015639
606.000;0.017537;0.0076773;0.010204;0.015034
606.500;0.017921;0.0081804;0.0104;0.015281
607.000;0.018002;0.0083898;0.010462;0.015244
607.500;0.017302;0.0077311;0.0099247;0.01433
608.000;0.016805;0.0073456;0.009378;0.01345
608.500;0.016615;0.0072414;0.0090457;0.012909
609.000;0.016413;0.006946;0.0088995;0.012588
609.500;0.016385;0.0068199;0.0089584;0.012377
610.000;0.016516;0.0069476;0.0090637;0.0122
610.500;0.016474;0.0069367;0.0088852;0.012026
611.000;0.016325;0.0068329;0.0085306;0.011924
611.500;0.016281;0.0068191;0.0082936;0.011934
612.000;0.016384;0.0068472;0.0083568;0.011914
612.500;0.016648;0.0069559;0.0086856;0.011986
613.000;0.017044;0.0072521;0.0090324;0.012415
613.500;0.017294;0.0074952;0.0090536;0.012536
614.000;0.017104;0.0073861;0.0086071;0.011792
614.500;0.016361;0.0067964;0.008051;0.010657
615.000;0.015589;0.0062109;0.0076571;0.0098119
615.500;0.01562;0.0064057;0.0075186;0.0097927
616.000;0.015747;0.0066621;0.0074193;0.0097751
616.500;0.015453;0.0064282;0.0072776;0.009257
617.000;0.01547;0.0063314;0.00742;0.0091065
617.500;0.01559;0.0063183;0.0075229;0.0090903
618.000;0.015118;0.0059501;0.0070409;0.0084171
618.500;0.014693;0.0057197;0.0066723;0.0079017
619.000;0.014836;0.0059885;0.0069182;0.0081687
619.500;0.01525;0.0064535;0.0073769;0.0087597
620.000;0.015445;0.0065777;0.0074639;0.0088312
620.500;0.015089;0.006052;0.0068569;0.0078598
621.000;0.014594;0.0057039;0.0063467;0.0070307
621.500;0.014412;0.0058411;0.0064081;0.0070586
622.000;0.014708;0.0057954;0.0067016;0.0074248
622.500;0.015215;0.0058812;0.0070601;0.0078371
623.000;0.015548;0.0064868;0.0073878;0.0081324
623.500;0.015492;0.0068032;0.0074135;0.007999
624.000;0.015073;0.0064743;0.0070364;0.0074409
624.500;0.014537;0.0058635;0.0064117;0.006806
625.000;0.013996;0.0054034;0.0059509;0.0062008
625.500;0.013593;0.0053667;0.0059655;0.0057617
626.000;0.013617;0.0055433;0.0062078;0.0058696
626.500;0.013862;0.0056482;0.0062888;0.0061482
627.000;0.013811;0.0054966;0.0059401;0.0057991
627.500;0.013685;0.0053937;0.0057479;0.0054669
628.000;0.013677;0.0055198;0.0060234;0.0055978
628.500;0.013502;0.0055316;0.0060659;0.0054089
629.000;0.013351;0.0053895;0.0058242;0.0050783
629.500;0.013576;0.0052715;0.0056925;0.0052538
630.000;0.01349;0.0051283;0.0055294;0.0050678
630.500;0.012835;0.0048997;0.005255;0.0042295
631.000;0.012429;0.0046333;0.0051165;0.0039166
631.500;0.012433;0.0045324;0.005186;0.0041681
632.000;0.012549;0.004739;0.005364;0.0043642
632.500;0.012549;0.0049115;0.0054333;0.0043995
633.000;0.012393;0.0048535;0.0052584;0.0042606
633.500;0.012238;0.0046664;0.0048576;0.0039226
634.000;0.01206;0.0044515;0.0045132;0.0035456
634.500;0.011819;0.0043001;0.0044667;0.00332
635.000;0.011671;0.0042797;0.0044731;0.0032378
635.500;0.011686;0.0043738;0.0045269;0.0033213
636.000;0.011793;0.0044744;0.0048354;0.003587
636.500;0.01182;0.0043975;0.0048599;0.0035969
637.000;0.011659;0.0041285;0.0043241;0.003153
637.500;0.011432;0.0040579;0.0041109;0.0029279
638.000;0.011187;0.0041178;0.0042903;0.0029786
638.500;0.010915;0.0039371;0.0042506;0.0028569
639.000;0.010738;0.003779;0.0040357;0.0026665
639.500;0.010799;0.003888;0.0038937;0.0025888
640.000;0.011146;0.00412;0.0040206;0.0026185
640.500;0.011343;0.0042521;0.0041709;0.0026068
641.000;0.010892;0.0040984;0.0039486;0.0023737
641.500;0.010296;0.0037265;0.0035093;0.0019484
642.000;0.0099878;0.0033679;0.0031903;0.0016004
642.500;0.0099389;0.0033371;0.0033187;0.0017707
643.000;0.010116;0.0034708;0.0036415;0.0021604
643.500;0.010382;0.0034715;0.003756;0.0022534
644.000;0.010257;0.003394;0.0037028;0.0020493
644.500;0.009778;0.0033456;0.0035629;0.0017418
645.000;0.009543;0.0033882;0.0033823;0.0016004
645.500;0.0095203;0.0033538;0.0032555;0.0015882
646.000;0.0095656;0.0032307;0.0033113;0.0016552
646.500;0.0099044;0.0035457;0.0036863;0.0020011
647.000;0.010243;0.0040287;0.0040369;0.002272
647.500;0.0099955;0.0038881;0.0037983;0.0018509
648.000;0.0096634;0.0036244;0.0034634;0.0014578
648.500;0.0097159;0.0037565;0.0035121;0.0016727
649.000;0.0098846;0.0040307;0.0037351;0.0020022
649.500;0.0098961;0.0040816;0.00378;0.0020383
650.000;0.0096589;0.0037256;0.0034652;0.0017182
650.500;0.0095941;0.0035793;0.0034761;0.0017817
651.000;0.0098083;0.0038837;0.0039631;0.0023631
651.500;0.0098319;0.0041001;0.0040892;0.0025346
652.000;0.0097861;0.0041543;0.0039367;0.0022998
652.500;0.0099536;0.004202;0.003975;0.0021479
653.000;0.010039;0.0042067;0.0041719;0.0023325
653.500;0.0096164;0.0038472;0.0040039;0.0023355
654.000;0.0081416;0.0024229;0.0024819;0.0010425
654.500;0.004603;-0.0012004;-0.001251;-0.00087288
655.000;0.0050836;-0.0019018;-0.0016878;0.002958
655.500;0.019434;0.0091335;0.009852;0.01876
656.000;0.030604;0.017542;0.018562;0.028875
656.500;0.031509;0.016798;0.017855;0.026526
657.000;0.025819;0.011401;0.012265;0.017415
657.500;0.015583;0.0056896;0.0060594;0.0070222
658.000;0.0086906;0.0030892;0.0030347;0.0012798
658.500;0.010151;0.004375;0.0043448;0.0027793
659.000;0.010332;0.0044021;0.0044283;0.0028203
659.500;0.0097858;0.0040398;0.0040053;0.0020876
660.000;0.0099747;0.0042982;0.0041014;0.0021194
660.500;0.0097654;0.0042713;0.0039445;0.0020871
661.000;0.0094011;0.0041176;0.0038;0.0019291
661.500;0.0095781;0.0043246;0.0041392;0.0019674
662.000;0.0097626;0.0043872;0.0041397;0.0020899
662.500;0.0097324;0.0041496;0.0037491;0.0021223
663.000;0.0097906;0.0040066;0.0038493;0.0019746
663.500;0.0097501;0.004102;0.0041372;0.0019708
664.000;0.0095106;0.0043527;0.0041135;0.0022788
664.500;0.0096047;0.0044382;0.0039839;0.0023558
665.000;0.0098007;0.0042886;0.0038435;0.0021154
665.500;0.0093937;0.0040888;0.0036724;0.0018902
666.000;0.0089755;0.0040854;0.003757;0.0017309
666.500;0.0090498;0.004272;0.0040992;0.0016444
667.000;0.0092615;0.0042233;0.0040936;0.0017131
667.500;0.0093526;0.0040839;0.0037972;0.0019084
668.000;0.0092425;0.004201;0.0036432;0.0020975
668.500;0.0090525;0.0041981;0.0036893;0.0020616
669.000;0.0089307;0.0039744;0.0038242;0.0018299
669.500;0.0089658;0.0039348;0.003843;0.0017213
670.000;0.0089506;0.0038844;0.0036262;0.0015728
670.500;0.0087459;0.0036049;0.0032908;0.0012833
671.000;0.0087703;0.0036422;0.0034396;0.0015578
671.500;0.0089009;0.0038368;0.0037947;0.0020537
672.000;0.0085447;0.0034333;0.003395;0.0015893
672.500;0.0081585;0.0031789;0.0030388;0.0011459
673.000;0.0081789;0.0035951;0.0033729;0.0015166
673.500;0.0082032;0.0036489;0.003436;0.0015166
674.000;0.0080675;0.0032723;0.0030867;0.001019
674.500;0.0078805;0.0031327;0.0028628;0.00076759
675.000;0.0077989;0.0032346;0.0028566;0.00094707
675.500;0.007844;0.0033163;0.0029532;0.0012738
676.000;0.0078333;0.0030626;0.0029368;0.0010948
676.500;0.0077356;0.0027897;0.0027727;0.00070949
677.000;0.0075733;0.0029114;0.0025635;0.00071267
677.500;0.0072374;0.0029885;0.0024891;0.0008304
678.000;0.006966;0.0029289;0.0026132;0.000885
678.500;0.0072451;0.0031095;0.0028177;0.00097182
679.000;0.0073181;0.0030637;0.002761;0.000937
679.500;0.0066839;0.0024902;0.0023744;0.00069741
680.000;0.0065993;0.0022839;0.0023825;0.00058196
680.500;0.0070863;0.0026343;0.0027004;0.00073249
681.000;0.0071599;0.0030215;0.002662;0.0010399
681.500;0.0071605;0.0031428;0.0026461;0.0011993
682.000;0.0072856;0.002938;0.002828;0.0010174
682.500;0.006877;0.0026349;0.0025663;0.00061673
683.000;0.0065055;0.0025244;0.0022829;0.00046063
683.500;0.0070029;0.0027531;0.0026683;0.00089029
684.000;0.0071341;0.00288;0.0027557;0.0011134
684.500;0.0067239;0.0028582;0.002411;0.00099526
685.000;0.0072067;0.0031758;0.0027795;0.001369
685.500;0.0077615;0.0033952;0.0032702;0.0017698
686.000;0.007283;0.0030582;0.0030544;0.0015416
686.500;0.0067474;0.0027891;0.0028473;0.0011625
687.000;0.0067101;0.0028717;0.0029151;0.0010468
687.500;0.0069438;0.0030782;0.0029113;0.001258
688.000;0.0069481;0.0031161;0.0028128;0.001273
688.500;0.0066116;0.002912;0.0027223;0.00090511
689.000;0.0066369;0.0028104;0.0027464;0.00090082
689.500;0.0069251;0.0029631;0.0029013;0.0012769
690.000;0.0069327;0.0032624;0.0030849;0.0015137
690.500;0.0068134;0.0032534;0.0029896;0.0012895
691.000;0.0067319;0.0029157;0.0026825;0.00082942
691.500;0.0066451;0.0028678;0.0027221;0.00091267
692.000;0.0066082;0.0031352;0.0028983;0.0012481
692.500;0.006677;0.0033845;0.0028434;0.0012585
693.000;0.0067486;0.0032285;0.0028861;0.0011619
693.500;0.006762;0.0029235;0.0030548;0.0011654
694.000;0.0067289;0.0031676;0.0030365;0.0013084
694.500;0.0066854;0.003482;0.0029768;0.0015286
695.000;0.0067025;0.0033955;0.0030393;0.0016907
695.500;0.0068826;0.0033156;0.0030926;0.0016124
696.000;0.0069978;0.0033662;0.0031908;0.0014303
696.500;0.0067599;0.0034069;0.0034323;0.0014322
697.000;0.0066386;0.0033969;0.003441;0.0015425
697.500;0.0068858;0.0034006;0.0031799;0.0015971
698.000;0.0071743;0.0035687;0.0031988;0.0014832
698.500;0.0072247;0.0038138;0.0034197;0.0014731
699.000;0.0069769;0.003935;0.0035139;0.0018049
699.500;0.0068401;0.0037999;0.0034824;0.0020356
700.000;0.006866;0.0034961;0.0033933;0.0019073
700.500;0.0067391;0.0033108;0.0033192;0.0015358
701.000;0.0066711;0.0034439;0.0033128;0.0014034
701.500;0.0068212;0.0038273;0.0033876;0.0017534
702.000;0.0068461;0.0039548;0.003487;0.0020847
702.500;0.0067733;0.0037709;0.003483;0.0020528
703.000;0.0068555;0.0035719;0.0033111;0.0016546
703.500;0.0069307;0.0035393;0.0033649;0.0015248
704.000;0.0069017;0.003672;0.0036524;0.0018332
704.500;0.0069;0.003767;0.0035378;0.0019129
705.000;0.0068093;0.0037616;0.0031997;0.0018039
705.500;0.0065581;0.0037216;0.0031433;0.0018497
706.000;0.0065983;0.0038269;0.0034466;0.0020536
706.500;0.0069326;0.0039767;0.0037874;0.0022258
707.000;0.0070632;0.0038447;0.0036533;0.0021137
707.500;0.0068295;0.0035945;0.0033288;0.0018637
708.000;0.0064226;0.0034967;0.0032071;0.001724
708.500;0.0064262;0.0036428;0.0032854;0.0018252
709.000;0.0066407;0.0038174;0.0033649;0.0019616
709.500;0.0064754;0.0037321;0.0032465;0.0018415
710.000;0.0062796;0.0036601;0.0031807;0.0017982
710.500;0.0063254;0.0037348;0.003258;0.0019532
711.000;0.0064326;0.0037083;0.0032095;0.0019388
711.500;0.0064575;0.0035276;0.0030369;0.0017282
712.000;0.0063214;0.0032683;0.0028611;0.0014786
712.500;0.0060376;0.0030395;0.0027076;0.0013098
713.000;0.0058372;0.0029863;0.0027151;0.0013499
713.500;0.0060233;0.0032206;0.0030378;0.0016588
714.000;0.0061636;0.0034959;0.0031761;0.0018296
714.500;0.0059686;0.0035163;0.0028909;0.001654
715.000;0.0058996;0.0031767;0.0028402;0.0015989
715.500;0.0060569;0.002935;0.0030238;0.0018275
716.000;0.0062046;0.0032744;0.0030166;0.0021639
716.500;0.0060325;0.003351;0.0028225;0.0021668
717.000;0.0056637;0.0029926;0.0026788;0.0018609
717.500;0.0057151;0.0031857;0.0029049;0.0018829
718.000;0.005912;0.0035316;0.0030991;0.0020612
718.500;0.0057828;0.003356;0.0028602;0.0020064
719.000;0.0055054;0.0030914;0.002667;0.0018299
719.500;0.0054009;0.0030185;0.0026935;0.0016717
720.000;0.0056794;0.0030853;0.0027244;0.0016002
720.500;0.005766;0.0031143;0.002704;0.0015541
721.000;0.0053827;0.0029785;0.0025922;0.0014707
721.500;0.0051759;0.0027137;0.0022956;0.0013581
722.000;0.0050686;0.0024303;0.0019989;0.0012036
722.500;0.0046957;0.0022686;0.0019647;0.0010379
723.000;0.0045439;0.0023432;0.0020859;0.0011022
723.500;0.0047679;0.0025418;0.0021754;0.0013558
724.000;0.0049498;0.0025533;0.0021025;0.0014409
724.500;0.0051059;0.002551;0.0021179;0.0015651
725.000;0.0053557;0.002741;0.0024106;0.0019425
725.500;0.0055839;0.002916;0.0026664;0.0022373
726.000;0.0056661;0.0029813;0.0027382;0.0023974
726.500;0.0055233;0.0029695;0.0026717;0.0025544
727.000;0.0051987;0.0028552;0.0025011;0.0023067
727.500;0.0048756;0.0026679;0.0023048;0.0016775
728.000;0.0048526;0.0025415;0.0022271;0.001532
728.500;0.0048553;0.0024233;0.0022507;0.0016626
729.000;0.0044998;0.002228;0.0022478;0.0014643
729.500;0.0041077;0.0021229;0.002071;0.0011818
730.000;0.0040089;0.0022044;0.0018652;0.001115
730.500;0.0043224;0.0024264;0.002012;0.0013968
731.000;0.0046936;0.0026586;0.0023564;0.0018269
731.500;0.0047573;0.0027403;0.0025508;0.0020852
732.000;0.004476;0.0025206;0.0023062;0.0018763
732.500;0.00404;0.0022166;0.0018596;0.0013974
733.000;0.0037396;0.0021738;0.0017007;0.0011168
733.500;0.0036567;0.0021178;0.0017281;0.0010731
734.000;0.0038243;0.002043;0.001834;0.0012997
734.500;0.0042518;0.0024138;0.0020929;0.001907
735.000;0.0046885;0.0028162;0.0024127;0.0024578
735.500;0.0048082;0.002713;0.0025643;0.0024788
736.000;0.0044006;0.0023401;0.0022059;0.0020555
736.500;0.0039177;0.0021094;0.0018168;0.0017004
737.000;0.0041242;0.0023277;0.0022899;0.0019651
737.500;0.0041716;0.0024111;0.0024945;0.0018497
738.000;0.0034871;0.0020289;0.0017538;0.00092195
738.500;0.0028779;0.0017556;0.001263;0.00052238
739.000;0.0028675;0.0017712;0.0014382;0.00089042
739.500;0.0034716;0.001956;0.0019755;0.0015017
740.000;0.004034;0.0022497;0.0023204;0.0020638
740.500;0.0041428;0.0024905;0.0022997;0.0022928
741.000;0.0038274;0.002434;0.0021658;0.0019389
741.500;0.0034723;0.0022283;0.0019744;0.0015098
742.000;0.0033449;0.002109;0.0017598;0.0014296
742.500;0.0031601;0.002118;0.0016827;0.0012657
743.000;0.0029391;0.0021196;0.0017154;0.0010434
743.500;0.0029411;0.0019637;0.0017354;0.0011311
744.000;0.0031844;0.0019169;0.0018729;0.0014791
744.500;0.0035052;0.0021206;0.0020799;0.0018656
745.000;0.0036187;0.002382;0.0020328;0.0020248
745.500;0.0034866;0.0023679;0.0018572;0.0019092
746.000;0.003279;0.0020044;0.0018344;0.0016708
746.500;0.0033623;0.0020241;0.0020275;0.001686
747.000;0.0036088;0.0024001;0.0022937;0.0019436
747.500;0.0035688;0.0024643;0.0023947;0.0021129
748.000;0.0035861;0.002426;0.0023698;0.0021987
748.500;0.0038047;0.0025334;0.0023106;0.0022334
749.000;0.0036631;0.0026259;0.0022599;0.0021382
749.500;0.0034531;0.0027282;0.0023863;0.0021341
750.000;0.0037278;0.0029174;0.0027617;0.002441
750.500;0.0040655;0.0030012;0.0029115;0.0026776
751.000;0.0040877;0.002882;0.0026778;0.0026043
751.500;0.0037387;0.0026362;0.0023467;0.0022996
752.000;0.0034057;0.0024278;0.0020815;0.0020759
752.500;0.0034325;0.0024454;0.0020228;0.0021875
753.000;0.0036996;0.0028117;0.002337;0.0025625
753.500;0.0040196;0.0031601;0.0027803;0.0029546
754.000;0.0042047;0.0030337;0.0029374;0.0030943
754.500;0.0040523;0.0028881;0.0028179;0.0029397
755.000;0.0036805;0.0029462;0.0026358;0.00266
755.500;0.0035962;0.0028911;0.0027023;0.0026106
756.000;0.0037579;0.0028936;0.002866;0.0028034
756.500;0.0039064;0.0031185;0.0028413;0.0030211
757.000;0.0039513;0.0031513;0.0025852;0.0029588
757.500;0.0040173;0.0030562;0.0024927;0.0028743
758.000;0.0042899;0.0032117;0.00301;0.0032836
758.500;0.0045026;0.0032545;0.0032521;0.0036539
759.000;0.004532;0.0030906;0.0029274;0.0036606
759.500;0.0046247;0.0032712;0.0030863;0.0036981
760.000;0.0046334;0.0034756;0.003479;0.0036386
760.500;0.0043222;0.0032009;0.0033784;0.0032342
761.000;0.0038822;0.0028972;0.0029439;0.0028243
761.500;0.0035201;0.0028159;0.0025279;0.0025895
762.000;0.0033537;0.002829;0.0024397;0.0024614
762.500;0.0033853;0.0028546;0.00257;0.0025392
763.000;0.0035;0.0028521;0.0026831;0.0027709
763.500;0.0034876;0.0028168;0.0026215;0.0027852
764.000;0.0035077;0.0027508;0.0025525;0.0027081
764.500;0.0038077;0.0027391;0.0027336;0.0028437
765.000;0.0041307;0.0031051;0.0030539;0.0029882
765.500;0.0041953;0.0035446;0.0032561;0.0030065
766.000;0.0038558;0.0031899;0.0030686;0.0029237
766.500;0.0032715;0.0025015;0.0026415;0.0025335
767.000;0.002752;0.0021258;0.0022269;0.0018576
767.500;0.0026403;0.0019615;0.001939;0.0015723
768.000;0.0030441;0.0021335;0.0019993;0.0020251
768.500;0.0037934;0.0027634;0.0025334;0.0030353
769.000;0.0044152;0.0032016;0.0030718;0.0037144
769.500;0.0046198;0.0031678;0.0032151;0.0036773
770.000;0.0044053;0.0029844;0.0028521;0.0032853
770.500;0.0040188;0.0028076;0.0025234;0.002914
771.000;0.0036658;0.0026331;0.0026391;0.0026977
771.500;0.003184;0.0022941;0.0025924;0.0022254
772.000;0.0027101;0.0019504;0.0022549;0.0017343
772.500;0.0025863;0.0019555;0.0019815;0.0018467
773.000;0.0027517;0.0022236;0.0019482;0.0022178
773.500;0.002904;0.0024737;0.0020428;0.0023252
774.000;0.0026382;0.0023714;0.0018773;0.0018654
774.500;0.0022014;0.0019683;0.0015138;0.001277
775.000;0.0020455;0.0016103;0.0013136;0.0011531
775.500;0.0022408;0.001828;0.0017212;0.001475
776.000;0.0024275;0.0022348;0.0021895;0.00174
776.500;0.0021283;0.0019404;0.0017236;0.0013875
777.000;0.0018308;0.001615;0.0013874;0.0011601
777.500;0.0018555;0.0016798;0.0017178;0.0014423
778.000;0.0018601;0.0015266;0.0016187;0.0015393
778.500;0.001963;0.0014237;0.0013822;0.0015591
779.000;0.0023945;0.0018343;0.0017035;0.0019032
779.500;0.0029166;0.0023136;0.0020973;0.0024278
780.000;0.0031959;0.0024448;0.0022954;0.0028747
780.500;0.002978;0.0020997;0.0023774;0.0029784
781.000;0.0025567;0.0018242;0.0022068;0.0025739
781.500;0.0021558;0.0018489;0.0017305;0.0017572
782.000;0.0016209;0.0015623;0.0012011;0.001025
782.500;0.0013269;0.0012594;0.0011077;0.00081179
783.000;0.0015818;0.0014075;0.0015803;0.0011818
783.500;0.0015236;0.0012369;0.0013817;0.0013344
784.000;0.0010981;0.00081429;0.00057923;0.0010138
784.500;0.0011143;0.0010475;0.00055684;0.00066605
785.000;0.0011894;0.0012759;0.00090984;0.00054562
785.500;0.00094958;0.00098662;0.00097259;0.00063423
786.000;0.00079805;0.00090684;0.00082042;0.00059777
786.500;0.00072178;0.00099189;0.00062682;0.0004024
787.000;0.00050555;0.00079498;0.0005111;0.00021577
787.500;0.00030657;0.00043769;0.0003796;0.00016525
788.000;0.00034092;0.00030025;0.0003354;0.00025241
788.500;0.00070795;0.00073753;0.00061167;0.00036685
789.000;0.00094675;0.0010604;0.00067344;0.0004989
789.500;0.00082123;0.00080623;0.0003463;0.00065007
790.000;0.00083777;0.00060328;0.00054983;0.00075681
790.500;0.00090676;0.00061031;0.00098096;0.00063897
791.000;0.00069754;0.0006328;0.00080966;0.00024148
791.500;0.00056759;0.00058496;0.0004309;0.00016849
792.000;0.00054808;0.00035961;0.00022601;0.00038942
792.500;0.00027138;-8.27E-01;0.00022351;0.00016537
793.000;0.00028924;-6.05E-01;0.0002553;-6.94E-01
793.500;0.00083758;0.00056948;0.00021817;0.00019883
794.000;0.00094012;0.00053496;0.00025408;0.00071487
794.500;0.00066069;0.00020295;0.00037714;0.00099219
795.000;0.00059553;0.00060752;0.00048574;0.00066446
795.500;0.00043559;0.00086558;0.00044111;0.0001703
796.000;4.60E-01;0.00047267;0.00013249;-0.00012958
796.500;-0.00026527;-9.75E-01;-0.00040533;-0.00017911
797.000;-0.00023146;-0.00028539;-0.00050256;4.75E-01
797.500;9.51E-01;-2.09E-01;5.24E-01;0.00032638
798.000;0.0001365;-0.00013825;0.00015504;3.36E-01
798.500;-0.00012587;-0.00048342;-0.00022752;-0.00046627
799.000;-0.00032629;-0.00042616;-0.00043774;-0.00040058
799.500;-0.00028675;-0.00036293;-0.00042215;-0.00013046
800.000;-2.67E-02;-0.00032055;-0.00019976;0.0001142
800.500;0.00037065;0.00020156;0.00022388;0.00049254
801.000;0.00062036;0.00054382;0.00042025;0.00071948
801.500;0.00061523;0.000244;0.0001962;0.0005231
802.000;0.00041794;0.00010917;0.00010646;3.69E-01
802.500;5.16E-01;2.90E-02;-8.61E-02;-0.00043834
803.000;-0.00038621;-0.00052236;-0.00052506;-0.00059658
803.500;-0.00041398;-0.00083757;-0.00056104;-0.00048822
804.000;-4.81E-02;-0.00057477;-5.60E-01;-0.00024048
804.500;0.00011673;-0.00015048;-4.43E-01;1.84E-01
805.000;0.00018505;8.51E-01;-0.00017371;6.21E-01
805.500;0.00027841;-2.64E-01;3.75E-01;-0.00014002
806.000;1.38E-01;-0.00032567;0.00017753;-0.00017919
806.500;-0.0003545;-0.00043492;4.33E-01;-4.15E-02
807.000;-0.0003314;-0.00012268;-0.0002916;-3.26E-02
807.500;-0.00029773;-0.00012022;-0.00054765;-0.00024603
808.000;-0.00030549;-0.00048979;-0.00049411;-0.00049908
808.500;5.73E-01;-0.00043787;-0.00010959;-0.00019114
809.000;0.00025984;-0.00027077;8.84E-03;1.09E-01
809.500;-8.92E-01;-0.00036759;-0.00044133;-0.00039691
810.000;-0.0003911;-0.00039785;-0.0006504;-0.00067255
810.500;-0.00045373;-0.00044691;-0.00046756;-0.00060544
811.000;-0.00039749;-0.00068693;-0.0002314;-0.00039765
811.500;-0.00018707;-0.00045491;-0.00019043;-7.12E-01
812.000;8.99E-02;1.01E-01;-0.00028489;6.44E-01
812.500;-0.00015444;-0.00042083;-0.00020785;-0.00046567
813.000;-0.00040997;-0.00075673;-0.00012512;-0.00081009
813.500;-0.00041841;-0.00024919;-0.00022957;-0.00045817
814.000;-0.00020256;-0.00011061;-0.00040885;-0.00042907
814.500;-0.00020896;-0.00049421;-0.00058769;-0.00063724
815.000;-0.0007253;-0.00082958;-0.00071114;-0.0004993
815.500;-0.00071485;-0.00093379;-0.00066116;-0.00053954
816.000;-0.0002388;-0.00074941;-0.00062302;-0.00087124
816.500;-0.00050741;-0.00032583;-0.00095872;-0.00098774
817.000;-0.00085306;-8.71E-01;-0.0010925;-0.00078865
817.500;-0.0006985;-0.0002965;-0.00073624;-0.00048613
818.000;-0.00082051;-0.0006451;-0.00067048;-0.0005196
818.500;-0.00092391;-0.0006413;-0.0006517;-0.00066763
819.000;-0.00047648;-0.00013529;-0.00019422;-0.00055825
819.500;-0.0005223;-0.00021149;-0.00023041;-0.00065759
820.000;-0.00090506;-0.00069733;-0.00057102;-0.00075472
820.500;-0.0003827;-0.00030963;-5.31E-01;-0.00012642
821.000;-0.00021046;-7.30E-01;-2.70E-03;7.97E-01
821.500;-0.00094524;-0.0005818;-0.00090634;-0.00058025
822.000;-0.00076071;-0.0005327;-0.00067657;-0.000493
822.500;-0.00027489;-0.00029954;-9.22E-01;-0.00010125
823.000;-0.00073828;-0.00068108;-0.00064515;-0.00045411
823.500;-0.00078053;-0.00062505;-0.00070746;-0.00058281
824.000;-0.00022829;-0.00016902;-9.03E-01;-0.00017617
824.500;-0.00020476;-0.00034455;-0.00010548;0.00016673
825.000;-0.00043326;-0.00043891;-0.00012404;0.00011701
825.500;-0.00064683;-0.00019613;7.24E-01;-0.00035959
826.000;-0.001178;-0.00073112;-0.00067748;-0.00093256
826.500;-0.0011437;-0.0009712;-0.0011498;-0.0009212
827.000;-5.78E-02;0.00016789;-6.98E-01;-8.89E-01
827.500;0.00022953;0.00066495;0.00055122;0.00027957
828.000;-0.00068607;-3.45E-01;3.60E-01;-0.00017235
828.500;-0.0013322;-0.00085431;-0.00071145;-0.00075564
829.000;-0.0012503;-0.0010281;-0.00089727;-0.00061636
829.500;-0.00095728;-0.00074723;-0.00071788;-0.00015176
830.000;-0.0016737;-0.0011829;-0.0014266;-0.0011836
830.500;-0.0022736;-0.0013558;-0.0017038;-0.0019039
831.000;-0.0015719;-0.00041994;-0.00044807;-0.00063372
831.500;-0.00094484;-0.00026566;3.78E-01;-0.00011333
832.000;-0.00092105;-0.00094481;-0.00050159;-0.00071693
832.500;-0.0011151;-0.0011266;-0.00069369;-0.00090876
833.000;-0.001251;-0.00097165;-0.00062629;-0.00094133
833.500;-0.0010797;-0.00070236;-0.0004672;-0.00087419
834.000;-0.00047997;-0.00022141;-8.97E-01;-0.00013772
834.500;-0.00021854;-8.76E-01;1.94E-01;0.00038923
835.000;-0.00066692;-0.00049839;-0.00033718;7.20E-01
835.500;-0.00075044;-0.00044478;-0.00031411;-6.32E-01
836.000;-0.00062054;-0.00022311;-0.0001369;-0.00013945
836.500;-0.0010457;-0.00066398;-0.00051186;-0.00078715
837.000;-0.0013754;-0.0007536;-0.00075642;-0.0010058
837.500;-0.001355;-0.00044408;-0.00063787;-0.00066804
838.000;-0.0014534;-0.00091128;-0.00070757;-0.00080434
838.500;-0.0015909;-0.0012128;-0.0010015;-0.00094158
839.000;-0.0015214;-0.00069114;-0.0012168;-0.00062332
839.500;-0.0011672;-0.00063918;-0.00091992;-0.00048641
840.000;-0.001078;-0.001158;-0.00069798;-0.00074216
840.500;-0.001628;-0.0014879;-0.0011859;-0.0011296
841.000;-0.0015853;-0.00093834;-0.0012896;-0.0010112
841.500;-0.0010254;-0.00022618;-0.0010283;-0.00063983
842.000;-0.0012576;-0.00088957;-0.0014811;-0.00091532
842.500;-0.0016849;-0.0015844;-0.0017926;-0.0011462
843.000;-0.00184;-0.0014195;-0.0014305;-0.00091239
843.500;-0.0023374;-0.0015723;-0.0013078;-0.00095994
844.000;-0.0025478;-0.0016785;-0.00138;-0.001024
844.500;-0.0018245;-0.0011171;-0.001203;-0.00067134
845.000;-0.0012548;-0.00091112;-0.00082181;-0.00053253
845.500;-0.001338;-0.0010908;-0.00051569;-0.00069742
846.000;-0.0017827;-0.00088653;-0.00059691;-0.00078258
846.500;-0.0020804;-0.00070644;-0.00092518;-0.00097399
847.000;-0.0020144;-0.00093728;-0.0011842;-0.0012401
847.500;-0.0018481;-0.0014218;-0.0010732;-0.0011395
848.000;-0.0019459;-0.0015249;-0.00094287;-0.00099405
848.500;-0.002264;-0.00099522;-0.0010596;-0.0010597
849.000;-0.0019377;-0.00076303;-0.0009297;-0.00075113
849.500;-0.0015529;-0.0010253;-0.00072665;-0.00038529
850.000;-0.0021699;-0.0013814;-0.00095409;-0.00069128
850.500;-0.0025432;-0.0015852;-0.0013155;-0.0012358
851.000;-0.0023362;-0.0016022;-0.0016541;-0.0014397
851.500;-0.0024752;-0.0015308;-0.0020363;-0.00096872
852.000;-0.0018219;-0.0010799;-0.0017175;-7.82E-01
852.500;-0.00020906;-0.00028912;-0.00063311;0.00079842
853.000;-0.00011342;7.69E-01;-0.00020659;0.0013285
853.500;-0.00071778;-6.72E-01;-0.000313;0.001461
854.000;-0.0002594;-0.00038088;-0.00020273;0.001312
854.500;-0.00032727;-0.00054086;-0.00018974;0.001068
855.000;-0.0012888;-0.00066699;-0.00060316;0.00059763
855.500;-0.0019828;-0.0011606;-0.0014549;-0.0003466
856.000;-0.0025418;-0.0016695;-0.0020556;-0.00096946
856.500;-0.0028621;-0.0016886;-0.0018712;-0.00080563
857.000;-0.0021412;-0.0010226;-0.0010572;-0.00041622
857.500;-0.0016486;-0.00068324;-0.00055654;-0.00039852
858.000;-0.0023506;-0.0012552;-0.0010156;-0.00081374
858.500;-0.0021762;-0.0010809;-0.0015491;-0.00060902
859.000;-0.001362;-0.00050895;-0.0016409;-7.74E-02
859.500;-0.0016421;-0.00097666;-0.001342;-5.48E-01
860.000;-0.002382;-0.0012471;-0.0010913;-0.00070038
860.500;-0.0028329;-0.00092538;-0.0010847;-0.001347
861.000;-0.0028516;-0.0012011;-0.001127;-0.0012382
861.500;-0.0026161;-0.0016876;-0.0011503;-0.00085818
862.000;-0.0024544;-0.0018358;-0.0012491;-0.00086125
862.500;-0.002669;-0.0019763;-0.0016347;-0.0011976
863.000;-0.0026827;-0.0016266;-0.0017497;-0.0010684
863.500;-0.0020264;-0.00050577;-0.0011579;-5.12E-01
864.000;-0.002102;-0.00052346;-0.0011574;-1.09E-02
864.500;-0.0030111;-0.0016635;-0.0017311;-0.0011346
865.000;-0.0034628;-0.0020599;-0.0016288;-0.0018313
865.500;-0.003268;-0.0019896;-0.0014118;-0.0013994
866.000;-0.0028761;-0.0020892;-0.0016861;-0.00041636
866.500;-0.0029685;-0.0023984;-0.0021909;-0.00052064
867.000;-0.0030093;-0.002207;-0.0021104;-0.00087045
867.500;-0.0025277;-0.0012558;-0.0011796;-0.00035855
868.000;-0.0025234;-0.0010526;-0.00088297;-8.05E-01
868.500;-0.0029747;-0.0017082;-0.0012447;-0.00048902
869.000;-0.0031416;-0.00218;-0.0013208;-0.0011529
869.500;-0.0031731;-0.0019504;-0.0015229;-0.001152
870.000;-0.0031733;-0.001243;-0.0016931;-0.00050876
870.500;-0.0030301;-0.00092398;-0.0010198;-0.00033088
871.000;-0.0031594;-0.0014482;-0.0010401;-0.00082539
871.500;-0.0035085;-0.0022601;-0.0022184;-0.0013808
872.000;-0.0029822;-0.0015818;-0.0018244;-0.00077633
872.500;-0.0021307;-0.00049991;-0.00073583;0.0001508
873.000;-0.0020787;-0.0007642;-0.0010068;7.54E-01
873.500;-0.0026868;-0.0011874;-0.0016005;-0.0002778
874.000;-0.0031285;-0.0011937;-0.0016375;-0.00018153
874.500;-0.0025948;-0.0011028;-0.0010367;0.000534
875.000;-0.0022905;-0.00084681;-0.00062644;0.0008769
875.500;-0.002819;-0.00068854;-0.00088736;0.00041538
876.000;-0.0032259;-0.0013167;-0.0014324;-0.0001081
876.500;-0.003268;-0.0019374;-0.0017459;-0.00053483
877.000;-0.0032774;-0.0019206;-0.0016752;-0.00093198
877.500;-0.0038646;-0.0022792;-0.0018156;-0.0011761
878.000;-0.0040487;-0.002326;-0.0019234;-0.00090183
878.500;-0.0025997;-0.00096981;-0.0013683;0.00019172
879.000;-0.00099392;7.94E-01;-0.00035137;0.0017489
879.500;-0.00072926;-0.00011377;0.00027286;0.0026741
880.000;-0.0023696;-0.0010679;-0.00043983;0.0017225
880.500;-0.0037018;-0.0013613;-0.0011082;0.00045977
881.000;-0.0034;-0.00080817;-0.00087988;0.00017169
881.500;-0.003164;-0.0014547;-0.0010029;3.20E-01
882.000;-0.0032776;-0.0019829;-0.0012995;-0.00013762
882.500;-0.0033152;-0.00092817;-0.0011138;-0.00013414
883.000;-0.0033073;-0.0007821;-0.00073842;4.70E-01
883.500;-0.0034969;-0.001624;-0.0010135;2.90E-01
884.000;-0.0039679;-0.0017986;-0.0022585;-0.00037889
884.500;-0.0038195;-0.0014854;-0.0017821;0.0002584
885.000;-0.0029993;-0.0010219;0.00013269;0.0015668
885.500;-0.0025993;-0.00057128;-0.00030902;0.001148
886.000;-0.0028814;-0.0011085;-0.0018076;-2.08E-01
886.500;-0.0032551;-0.0023149;-0.0020853;-0.00024858
887.000;-0.0024987;-0.0015592;-0.00081169;0.00093624
887.500;-0.001722;-0.000226;0.00025293;0.0021324
888.000;-0.0022972;-0.00066759;-0.00049068;0.0019188
888.500;-0.003012;-0.0018385;-0.0017112;0.0011258
889.000;-0.0030644;-0.0021127;-0.0019024;0.00081919
889.500;-0.0025706;-0.00072753;-0.00056409;0.001479
890.000;-0.0023873;-0.0004853;-0.00014055;0.0016353
890.500;-0.0028266;-0.0018912;-0.0012656;0.0008545
891.000;-0.0033494;-0.0020373;-0.0017486;0.00037654
891.500;-0.0035727;-0.0017874;-0.0015359;5.73E-04
892.000;-0.0036232;-0.0023382;-0.0015561;-0.00065357
892.500;-0.0042775;-0.0024183;-0.0025023;-0.0010654
893.000;-0.0048767;-0.0021447;-0.0028355;-0.00089386
893.500;-0.0045335;-0.0022536;-0.0013035;-0.00024345
894.000;-0.0042745;-0.0023438;-0.0010649;6.43E-01
894.500;-0.0043035;-0.0022367;-0.0023256;-0.0001095
895.000;-0.0039484;-0.0019855;-0.0025043;-0.0001934
895.500;-0.0032223;-0.0010552;-0.0013829;0.00035656
896.000;-0.0025104;-5.77E-01;-9.32E-01;0.0012241
896.500;-0.0023632;-0.00075817;-0.00025342;0.0012412
897.000;-0.0030864;-0.0013406;-0.0011326;0.00079293
897.500;-0.0041222;-0.00047811;-0.0015071;0.00056901
898.000;-0.0036444;-0.00060753;-0.0011734;0.00054688
898.500;-0.002952;-0.0015843;-0.00077375;0.00054253
899.000;-0.004036;-0.001995;-0.0010258;0.00030155
899.500;-0.0048656;-0.0023485;-0.0015263;-0.00043519
900.000;-0.0046229;-0.0024865;-0.0017082;-0.00083511
900.500;-0.0042004;-0.0017234;-0.0013615;0.00023699
901.000;-0.0039713;-0.0012829;-0.0017047;0.00064241
901.500;-0.0037398;-0.001247;-0.0023527;0.00018424
902.000;-0.0030473;-4.36E-01;-0.0010344;0.0016442
902.500;-0.0032214;-6.59E-01;-0.00048382;0.0022493
903.000;-0.0045601;-0.0023992;-0.0023567;9.09E-01
903.500;-0.0040278;-0.0023482;-0.0021221;-0.00034254
904.000;-0.0028971;-0.00073833;-0.00079901;0.00087889
904.500;-0.0037869;-0.00083363;-0.0015083;0.0011205
905.000;-0.0045324;-0.0012981;-0.0017717;0.00046715
905.500;-0.0041891;-0.0013323;-0.00098491;-9.78E-01
906.000;-0.003712;-0.0013302;-0.00080515;0.00037128
906.500;-0.0039906;-0.0014339;-0.00097887;0.00080079
907.000;-0.0049036;-0.0016517;-0.0011142;0.00046091
907.500;-0.0051812;-0.0018467;-0.001324;-0.00012256
908.000;-0.0044349;-0.0013544;-0.0012073;-0.00013788
908.500;-0.0034643;-0.00046022;-0.00083199;0.00044247
909.000;-0.0043069;-0.0014179;-0.0014451;0.00013684
909.500;-0.0058137;-0.0031288;-0.0023644;-0.00074394
910.000;-0.0056538;-0.0032038;-0.0022225;-0.0010177
910.500;-0.0042215;-0.0021012;-0.0014669;-0.00060997
911.000;-0.0026421;-0.0007103;-0.00069588;0.00045119
911.500;-0.002089;8.95E-02;-0.00031032;0.0018043
912.000;-0.0031153;-0.00091827;-0.00060184;0.001228
912.500;-0.0048072;-0.0027599;-0.0016011;-0.00080569
913.000;-0.0049769;-0.0022399;-0.0028489;-0.00048416
913.500;-0.0042318;-0.0010818;-0.0028189;0.00054082
914.000;-0.0040981;-0.001349;-0.0014601;5.68E-01
914.500;-0.0053206;-0.0019118;-0.0018368;-0.0008346
915.000;-0.0057823;-0.0021255;-0.0030168;-0.00086985
915.500;-0.0038337;-0.001911;-0.0025667;0.0004099
916.000;-0.0028692;-0.0013706;-0.0007843;0.001819
916.500;-0.0036661;-0.0012377;0.00038904;0.0022244
917.000;-0.0044068;-0.0021034;-0.00088502;0.0012839
917.500;-0.0040591;-0.0019191;-0.0016499;0.0010323
918.000;-0.0034749;-0.00078835;-0.00085701;0.0018608
918.500;-0.0048099;-0.0015122;-0.00080972;0.0017993
919.000;-0.0058283;-0.002581;-0.0013881;0.0009246
919.500;-0.0049647;-0.0021474;-0.0017355;0.00019388
920.000;-0.0046782;-0.00098738;-0.0016165;0.00039602
920.500;-0.0048643;-0.00060455;-0.001744;0.00085566
921.000;-0.0047648;-0.0018112;-0.0025548;0.0005379
921.500;-0.0057692;-0.0031513;-0.0027625;-0.00051939
922.000;-0.0067576;-0.0032539;-0.0025422;-0.0011369
922.500;-0.0057819;-0.0018714;-0.0028591;-0.00027424
923.000;-0.005541;-0.0014445;-0.0027792;6.03E-01
923.500;-0.0063821;-0.0023626;-0.0021795;-0.00057616
924.000;-0.0057113;-0.0025392;-0.002057;-0.0005211
924.500;-0.0049207;-0.0020903;-0.0021629;6.69E-01
925.000;-0.005355;-0.0017103;-0.0022411;0.00025993
925.500;-0.0061618;-0.0017153;-0.0025161;-0.00072839
926.000;-0.006196;-0.0018276;-0.0018807;-0.0010858
926.500;-0.0052935;-0.0019374;-0.00042348;0.00027279
927.000;-0.0053238;-0.0027237;-0.0017439;0.00046647
927.500;-0.00568;-0.0029686;-0.0035611;6.88E-01
928.000;-0.0048858;-0.0013732;-0.0018492;0.0011623
928.500;-0.0045211;-0.00055524;-0.00040768;0.0021206
929.000;-0.0051509;-0.001433;-0.00068415;0.0018114
929.500;-0.0059728;-0.0026782;-0.00098841;0.00043867
930.000;-0.0068747;-0.0033621;-0.0021098;-0.00095691
930.500;-0.0075225;-0.0032919;-0.0038723;-0.0016571
931.000;-0.0072232;-0.0030523;-0.0041886;-0.0016054
931.500;-0.0065864;-0.0029681;-0.0032116;-0.00016228
932.000;-0.0062519;-0.0031583;-0.0022036;0.0018161
932.500;-0.0059517;-0.0035377;-0.0024487;0.00078927
933.000;-0.0057072;-0.0033155;-0.0027691;-0.0010968
933.500;-0.0055045;-0.0020995;-0.0016568;-0.00035511
934.000;-0.0047426;-0.0014448;-0.00045732;0.00096562
934.500;-0.0043061;-0.0016427;-0.00041108;0.0010539
935.000;-0.0056729;-0.0021302;-0.0019718;-0.00052195
935.500;-0.0075522;-0.0036841;-0.0040444;-0.0021117
936.000;-0.0080759;-0.0048374;-0.0046119;-0.0020214
936.500;-0.0062461;-0.0025463;-0.0021393;0.0002367
937.000;-0.0047468;-0.00044695;-0.00052848;0.0017944
937.500;-0.0054764;-0.0014027;-0.002006;0.000896
938.000;-0.0071823;-0.0035012;-0.0036045;-0.00073295
938.500;-0.0077362;-0.0038461;-0.0033987;-0.00045599
939.000;-0.0065224;-0.0018619;-0.0016993;0.0019817
939.500;-0.0064081;-0.0019596;-0.0017175;0.0017109
940.000;-0.0066357;-0.0027775;-0.0027868;0.00027599
940.500;-0.0053194;-0.0011783;-0.002495;0.0014437
941.000;-0.0051862;-0.001324;-0.0017443;0.0015914
941.500;-0.0061448;-0.0028414;-0.0010406;-8.07E-02
942.000;-0.0058211;-0.0016478;-0.00032955;-0.00068333
942.500;-0.0064473;-0.00093266;-0.00093348;-8.52E-02
943.000;-0.0074864;-0.0016271;-0.0020216;0.0011622
943.500;-0.0049782;-0.00048362;-0.00077496;0.0020238
944.000;-0.0041731;-0.00089075;-0.00093822;0.0013204
944.500;-0.0075907;-0.0037575;-0.0037753;-0.00035267
945.000;-0.0079487;-0.002486;-0.00297;0.00018362
945.500;-0.0063181;-0.00083926;-0.00071832;0.0010641
946.000;-0.0062725;-0.0032958;-0.0010994;-3.98E-01
946.500;-0.0057046;-0.0026319;-0.0011426;-7.06E-01
947.000;-0.0049573;-0.00039718;-0.0011837;0.00092258
947.500;-0.0056213;-0.0022574;-0.0027478;0.0011123
948.000;-0.0058073;-0.0029233;-0.0014025;0.0018733
948.500;-0.0055107;-0.0015083;0.00075764;0.0020352
949.000;-0.0064507;-0.0022462;-0.002835;-0.00097148
949.500;-0.006557;-0.0029356;-0.0041618;-0.0018122
950.000;-0.0055519;-0.0022722;-0.00023866;0.0010888
950.500;-0.00623;-0.0022624;0.00080833;0.0021678
951.000;-0.0062397;-0.001894;-0.0010628;0.0018921
951.500;-0.0043613;-0.00074545;-0.0025706;0.0018643
952.000;-0.0046462;-0.001217;-0.00143;0.0012806
952.500;-0.0058166;-0.00073054;0.00035633;0.0016675
953.000;-0.0054053;0.002463;0.00014704;0.0037616
953.500;-0.0058485;0.0015687;-0.00042978;0.0032843
954.000;-0.0070821;-0.0014505;-0.00059811;0.0014844
954.500;-0.0072769;-0.00025815;-0.00077981;0.0023272
955.000;-0.0068981;0.00090945;-0.0016287;0.0030811
955.500;-0.0062981;3.98E-01;-0.0019887;0.0028141
956.000;-0.0055332;-0.00056602;-0.00012559;0.0032344
956.500;-0.0060449;0.00063627;2.22E-01;0.0034505
957.000;-0.0072591;0.0020639;-0.0023973;0.0027028
957.500;-0.0062274;-0.00048613;-0.0025902;0.0016006
958.000;-0.0057143;-0.0028482;-0.00061672;0.0015842
958.500;-0.0072657;-0.0016379;0.00065423;0.0027259
959.000;-0.0066772;-0.00049657;-0.0019167;0.0025283
959.500;-0.0053684;0.00022554;-0.0038716;0.0015747
960.000;-0.0059328;0.00078077;-0.0012611;0.0014428
960.500;-0.0060228;-0.0017571;-0.000284;0.0018559
961.000;-0.0056212;-0.0038061;-0.00065592;0.0028739
961.500;-0.006071;-0.00074788;0.001008;0.0041768
962.000;-0.0061107;1.37E-01;-0.00014654;0.0031163
962.500;-0.0055599;-0.0023079;-0.0026885;0.0012785
963.000;-0.0054353;-0.0016675;-0.00024738;0.0029213
963.500;-0.0053182;0.00024072;0.0024019;0.0046092
964.000;-0.0047322;0.00094181;0.0015716;0.0045793
964.500;-0.0038313;-2.64E-01;-0.00083306;0.0051409
965.000;-0.0038675;-0.0012226;-0.00066678;0.0049898
965.500;-0.0049142;-0.0017441;0.0023829;0.0034303
966.000;-0.0049105;-0.0024373;0.0021387;0.0028147
966.500;-0.005163;-0.0028933;-5.24E-02;0.0032587
967.000;-0.0062907;-0.0019506;-0.00023697;0.0045347
967.500;-0.0042461;0.0011959;0.0018937;0.007861
968.000;-0.002256;0.0022785;0.0026025;0.0083332
968.500;-0.0050482;-0.0018245;-0.0010622;0.0021947
969.000;-0.0070784;-0.0020465;-0.0032871;0.00025202
969.500;-0.006388;0.0011153;-0.0018938;0.0033991
970.000;-0.0060031;-0.00033231;0.00035606;0.0036215
970.500;-0.0093879;-0.0037407;-0.00045159;0.0005898
971.000;-0.012671;-0.0047737;-0.0029271;-0.0021212
971.500;-0.0073319;-0.0014324;-0.0012289;4.99E-04
972.000;-0.0040048;0.001445;0.00051235;0.0045296
972.500;-0.0080468;0.00089676;-0.00036652;0.0067818
973.000;-0.0095406;-0.00066903;-0.00052113;0.0032451
973.500;-0.008435;-0.0033153;-0.0022295;-1.55E-01
974.000;-0.007578;-0.0053268;-0.0053881;0.0019428
974.500;-0.0063665;-0.00078198;-0.0019276;0.0044741
975.000;-0.0054644;0.0030023;0.0029393;0.0054253
975.500;-0.005724;-0.0012785;0.0012007;0.0048122
976.000;-0.0061409;-0.0020285;-0.0018835;0.0030099
976.500;-0.0054521;0.001158;-0.0022278;0.001858
977.000;-0.0037854;0.0013359;0.00043903;0.0031755
977.500;-0.0053804;0.0017205;0.0019813;0.005368
978.000;-0.0086214;0.0022598;0.00062302;0.005878
978.500;-0.007702;-0.00025711;-0.0018558;0.0033148
979.000;-0.0058931;-0.00058504;-0.0019667;0.0023882
979.500;-0.0063708;0.0021727;7.83E-01;0.004053
980.000;-0.0085136;0.0020355;-0.00016244;0.0037821
980.500;-0.0085883;-0.0002664;-0.0029179;0.0027992
981.000;-0.0060464;-0.0015461;-0.0055156;0.0028013
981.500;-0.0062919;0.00024841;-0.0042403;0.0028201
982.000;-0.0082909;0.001094;-0.0013529;0.0026728
982.500;-0.0093713;-0.0016565;-0.00036117;0.0023194
983.000;-0.0098559;-0.0027387;-0.0013303;0.00132
983.500;-0.0083771;-0.00049458;-0.0010563;0.0020329
984.000;-0.0054014;0.0023123;0.0018992;0.0047526
984.500;-0.0083454;-0.00054737;0.00065574;0.0011139
985.000;-0.012862;-0.0050228;-0.0026492;-0.0026625
985.500;-0.0096556;-0.0027387;-0.0012171;0.0044168
986.000;-0.0065412;0.00066179;0.00019136;0.0078744
986.500;-0.0077681;0.0013044;-0.00073417;0.0038736
987.000;-0.01007;-6.71E-02;-0.0015771;0.0022458
987.500;-0.0077607;-0.0021111;8.14E-01;0.0042029
988.000;-0.0029366;-0.0028468;0.0022872;0.0058628
988.500;-0.0050914;-0.00070289;-0.00035859;0.0024987
989.000;-0.0077608;0.00054784;-0.0033083;0.0017058
989.500;-0.0065826;-0.0013366;-0.0026773;0.0060262
990.000;-0.0082651;-0.0031467;-0.0012064;0.0048784
990.500;-0.009693;-0.0024434;-0.0012683;0.00083854
991.000;-0.0077253;0.00061509;-0.0025191;-2.14E-01
991.500;-0.0081965;0.0020604;-0.00082499;0.0019864
992.000;-0.0093818;0.0010251;0.0010226;0.0038754
992.500;-0.0074867;-0.00071135;-0.0002491;0.0036048
993.000;-0.0058923;-0.00030654;0.00096332;0.0040342
993.500;-0.006713;0.0016679;0.0023551;0.0054951
994.000;-0.0090594;0.0022853;-0.0011064;0.0063129
994.500;-0.0086569;-0.00033973;-0.001881;0.0060046
995.000;-0.0067945;-0.0038451;0.00030707;0.0036242
995.500;-0.0080523;-0.0037597;-0.00087786;-0.00039968
996.000;-0.0070566;-0.0013876;-0.0019551;0.0022261
996.500;-0.0039497;0.00016593;-0.00031865;0.0090751
997.000;-0.0058124;-0.0009711;0.0023358;0.0069972
997.500;-0.0081195;0.00049914;0.0026892;0.0028499
998.000;-0.0069201;0.0046292;0.0010777;0.0037684
998.500;-0.0047408;0.0024678;0.0026355;0.0073936
999.000;-0.0049426;-0.0014722;0.0044142;0.0083386
999.500;-0.0080946;-0.0017033;0.0033548;0.004718
1.000.000;-0.010082;-0.00087931;0.0021207;0.0020063
1.000.500;-0.0105;-0.00049684;0.00090575;0.0015331
1.001.000;-0.010354;-0.00092537;-0.00048331;0.0022854
1.001.500;-0.0089947;-0.0021787;3.25E-02;0.0036798
1.002.000;-0.0073529;-0.0025728;0.00019018;0.0037406
1.002.500;-0.0064335;0.00010246;-0.0016375;0.0023873
1.003.000;-0.0043954;0.0060437;0.0020599;0.0065175
1.003.500;-0.002914;0.008427;0.0057267;0.010176
1.004.000;-0.0054411;0.00085312;-0.00087193;0.0033599
1.004.500;-0.010493;-0.0038681;-0.0041842;0.00041816
1.005.000;-0.012673;-0.00015451;-0.00034604;0.0052495
1.005.500;-0.0072019;0.0057749;0.0017855;0.0080808
1.006.000;-0.0017302;0.0062384;0.0027835;0.0083384
1.006.500;-0.0016253;0.0016737;0.0040913;0.0079008
1.007.000;-0.0048259;0.00069116;0.0048256;0.0081168
1.007.500;-0.0064771;0.0019464;0.0037633;0.0089873
1.008.000;-0.0045623;0.0019452;0.0025336;0.009366
1.008.500;-0.0021549;-9.97E-02;0.0056379;0.0078431
1.009.000;-0.0012622;0.00013146;0.0080931;0.008108
1.009.500;-0.0030214;0.0029024;0.0054395;0.010236
1.010.000;-0.0075638;0.00078634;0.001569;0.0059028
1.010.500;-0.0086123;8.17E-01;0.0010969;0.0032741
1.011.000;-0.0038245;0.0061963;0.0046219;0.0097939
1.011.500;-0.0054228;0.006581;0.0048277;0.012235
1.012.000;-0.010465;0.0015243;0.0032063;0.0081655
1.012.500;-0.0096371;-0.00076288;0.0044476;0.0040739
1.013.000;-0.0056397;0.0026769;0.0051725;0.0064405
1.013.500;-0.0029484;0.0066592;0.005816;0.011897
1.014.000;-0.0036734;0.0048329;0.0089421;0.012647
1.014.500;-0.0043154;0.0040448;0.010622;0.010252
1.015.000;-0.0065153;0.0029861;0.0070425;0.0062353
1.015.500;-0.013615;-0.0048464;-0.0010065;0.0020331
1.016.000;-0.011827;-0.0052203;-0.00099026;0.0067619
1.016.500;-0.002654;0.0023081;0.005948;0.016285
1.017.000;-0.0041582;0.0017418;0.0047172;0.014652
1.017.500;-0.0076351;0.0011484;0.002873;0.010835
1.018.000;-0.0060883;0.0050537;0.0057252;0.012503
1.018.500;-0.005408;0.0042978;0.006803;0.014848
1.019.000;-0.0031842;0.0010866;0.0077837;0.015014
1.019.500;0.0015468;0.0010394;0.010131;0.013355
1.020.000;0.002422;0.0068261;0.0099062;0.013273
